#,abbr,Name,Market Cap,Price,Volume (24h),Circulating Supply,abbr,Change (24h),Price Graph (7d)
1,BTC,Bitcoin,"$197,119,515,810",$11662.60,"$6,455,220,000","16,901,850",BTC,2.58%,https://s2.coinmarketcap.com/generated/sparklines/1.png
2,ETH,Ethereum,"$84,507,534,778",$862.29,"$1,883,030,000","98,003,499",ETH,-0.30%,https://s2.coinmarketcap.com/generated/sparklines/1027.png
3,XRP,Ripple,"$40,467,211,743",$1.04,"$1,851,690,000","39,091,956,706",XRP,8.76%,https://s2.coinmarketcap.com/generated/sparklines/52.png
4,BCH,Bitcoin Cash,"$21,789,058,320",$1281.60,"$350,738,000","17,001,450",BCH,1.14%,https://s2.coinmarketcap.com/generated/sparklines/1831.png
5,LTC,Litecoin,"$11,799,217,728",$212.62,"$610,578,000","55,495,437",LTC,0.88%,https://s2.coinmarketcap.com/generated/sparklines/2.png
6,ADA,Cardano,"$7,948,565,723",$0.306574,"$203,008,000","25,927,070,538",ADA,3.27%,https://s2.coinmarketcap.com/generated/sparklines/2010.png
7,NEO,NEO,"$7,645,040,000",$117.62,"$188,776,000","65,000,000 ",NEO,-2.48%,https://s2.coinmarketcap.com/generated/sparklines/1376.png
8,XLM,Stellar,"$6,836,511,874",$0.370179,"$94,967,600","18,468,124,539",XLM,4.05%,https://s2.coinmarketcap.com/generated/sparklines/512.png
9,XMR,Monero,"$5,817,233,371",$368.38,"$131,326,000","15,791,393",XMR,1.78%,https://s2.coinmarketcap.com/generated/sparklines/328.png
10,EOS,EOS,"$5,770,753,792",$8.14,"$217,336,000","708,691,424",EOS,2.72%,https://s2.coinmarketcap.com/generated/sparklines/1765.png
11,MIOTA,IOTA," $5,219,068,422",$1.88,"$24,278,700","2,779,530,283",MIOTA,-0.89%,https://s2.coinmarketcap.com/generated/sparklines/1720.png
12,DASH,Dash,"$4,888,631,890",$616.61,"$116,580,000","7,928,265",DASH,-0.10%,https://s2.coinmarketcap.com/generated/sparklines/131.png
13,XEM,NEM,"$3,256,119,000",$0.361791,"$72,302,200","8,999,999,999",XEM,1.47%,https://s2.coinmarketcap.com/generated/sparklines/873.png
14,TRX,TRON,"$3,133,105,191",$0.047653,"$293,532,000","65,748,192,475",TRX,-0.34%,https://s2.coinmarketcap.com/generated/sparklines/1958.png
15,ETC,Ethereum Classic,"$2,720,824,196",$27.13,"$619,482,000","100,303,185",ETC,-7.64%,https://s2.coinmarketcap.com/generated/sparklines/1321.png
16,USDT,Tether,"$2,213,504,703",$0.998360,"$2,238,320,000","2,217,140,814",USDT,-0.02%,https://s2.coinmarketcap.com/generated/sparklines/825.png
17,VEN,VeChain,"$2,210,789,788",$4.65,"$38,904,300","475,104,558",VEN,-0.69%,https://s2.coinmarketcap.com/generated/sparklines/1904.png
18,NANO,Nano,"$2,020,323,886",$15.16,"$52,615,900","133,248,289",NANO,-1.10%,https://s2.coinmarketcap.com/generated/sparklines/1567.png
19,QTUM,Qtum,"$1,998,812,657",$27.04,"$101,293,000","73,927,148",QTUM,4.84%,https://s2.coinmarketcap.com/generated/sparklines/1684.png
20,LSK,Lisk,"$1,927,312,928",$18.80,"$29,531,900","102,504,650",LSK,0.52%,https://s2.coinmarketcap.com/generated/sparklines/1214.png
21,BTG,Bitcoin Gold,"$1,889,393,835",$112.05,"$21,403,100","16,862,361",BTG,0.55%,https://s2.coinmarketcap.com/generated/sparklines/2083.png
22,OMG,OmiseGO,"$1,784,009,932",$17.48,"$40,036,100","102,042,552",OMG,-4.02%,https://s2.coinmarketcap.com/generated/sparklines/1808.png
23,ICX,ICON,"$1,383,396,081",$3.58,"$16,990,500","385,966,364",ICX,-3.28%,https://s2.coinmarketcap.com/generated/sparklines/2099.png
24,ZEC,Zcash,"$1,367,058,211",$400.31,"$55,325,200","3,414,956",ZEC,-0.37%,https://s2.coinmarketcap.com/generated/sparklines/1437.png
25,BNB,Binance Coin,"$1,022,755,212",$10.33,"$39,488,100","99,014,000",BNB,0.91%,https://s2.coinmarketcap.com/generated/sparklines/1839.png
26,DGD,DigixDAO,"$1,004,700,000",$502.35,"$28,075,500","2,000,000",DGD,0.51%,https://s2.coinmarketcap.com/generated/sparklines/1229.png
27,STEEM,Steem,"$875,424,478",$3.49,"$7,198,440","250,985,386",STEEM,-1.45%,https://s2.coinmarketcap.com/generated/sparklines/1230.png
28,XVG,Verge,"$826,935,485",$0.056360,"$14,529,200","14,672,304,534",XVG,1.02%,https://s2.coinmarketcap.com/generated/sparklines/693.png
29,PPT,Populous,"$819,546,686",$22.15,"$4,758,000","37,004,027",PPT,6.08%,https://s2.coinmarketcap.com/generated/sparklines/1789.png
30,STRAT,Stratis,"$816,049,595",$8.26,"$8,204,270","98,765,099",STRAT,-0.49%,https://s2.coinmarketcap.com/generated/sparklines/1343.png
31,BCN,Bytecoin,"$757,004,575",$0.004119,"$4,731,490","183,764,844,362",BCN,-1.66%,https://s2.coinmarketcap.com/generated/sparklines/372.png
32,WAVES,Waves,"$690,839,000",$6.91,"$26,512,200","100,000,000",WAVES,1.41%,https://s2.coinmarketcap.com/generated/sparklines/1274.png
33,SC,Siacoin,"$669,268,630",$0.020340,"$5,804,900","32,903,415,347",SC,2.09%,https://s2.coinmarketcap.com/generated/sparklines/1042.png
34,RHOC,RChain,"$629,494,558",$1.75,"$1,513,700","359,409,272",RHOC,-1.72%,https://s2.coinmarketcap.com/generated/sparklines/2021.png
35,SNT,Status,"$626,005,866",$0.180380,"$94,865,100","3,470,483,788",SNT,14.06%,https://s2.coinmarketcap.com/generated/sparklines/1759.png
36,MKR,Maker,"$606,942,022",$981.75,"$773,033","618,228",MKR,3.79%,https://s2.coinmarketcap.com/generated/sparklines/1518.png
37,DOGE,Dogecoin,"$606,617,161",$0.005346,"$13,618,200","113,460,824,021",DOGE,-0.83%,https://s2.coinmarketcap.com/generated/sparklines/74.png
38,BTS,BitShares,"$585,027,754",$0.224152,"$9,285,150","2,609,960,000",BTS,2.16%,https://s2.coinmarketcap.com/generated/sparklines/463.png
39,DCR,Decred,"$557,014,169",$81.01,"$1,444,360","6,876,124",DCR,1.65%,https://s2.coinmarketcap.com/generated/sparklines/1168.png
40,AE,Aeternity,"$546,325,818",$2.34,"$2,095,850","233,020,472",AE,1.62%,https://s2.coinmarketcap.com/generated/sparklines/1700.png
41,REP,Augur,"$513,945,300",$46.72,"$2,349,910","11,000,000",REP,1.84%,https://s2.coinmarketcap.com/generated/sparklines/1104.png
42,WTC,Waltonchain,"$499,542,104",$20.06,"$12,894,200","24,898,178",WTC,5.81%,https://s2.coinmarketcap.com/generated/sparklines/1925.png
43,ETN,Electroneum,"$491,810,965",$0.077597,"$3,049,120","6,338,015,192",ETN,6.91%,https://s2.coinmarketcap.com/generated/sparklines/2137.png
44,ZRX,0x,"$468,678,777",$0.907824,"$5,898,160","516,266,123",ZRX,-1.17%,https://s2.coinmarketcap.com/generated/sparklines/1896.png
45,BTM,Bytom,"$459,508,707 ",$0.465561,"$23,564,200","987,000,000",BTM,12.10%,https://s2.coinmarketcap.com/generated/sparklines/1866.png
46,KMD,Komodo,"$451,033,072",$4.34,"$2,512,330","103,851,209",KMD,-1.73%,https://s2.coinmarketcap.com/generated/sparklines/1521.png
47,DRGN,Dragonchain,"$415,862,700",$1.74,"$3,246,540","238,421,940",DRGN,7.93%,https://s2.coinmarketcap.com/generated/sparklines/2243.png
48,ARDR,Ardor,"$415,080,294",$0.415496,"$3,711,910","998,999,495",ARDR,2.53%,https://s2.coinmarketcap.com/generated/sparklines/1320.png
49,ARK,Ark,"$406,840,399",$4.03,"$2,649,740","101,040,956",ARK,-3.14%,https://s2.coinmarketcap.com/generated/sparklines/1586.png
50,VERI,Veritaseum,"$404,302,633",$198.51,"$861,808","2,036,645 ",VERI,-10.73%,https://s2.coinmarketcap.com/generated/sparklines/1710.png
51,GNT,Golem,"$395,724,671",$0.474341,"$7,282,200","834,262,000",GNT,9.26%,https://s2.coinmarketcap.com/generated/sparklines/1455.png
52,HSR,Hshare,"$392,866,508",$9.20,"$38,213,500","42,701,071",HSR,-4.12%,https://s2.coinmarketcap.com/generated/sparklines/1903.png
53,BAT,Basic Attenti...,"$382,251,000",$0.382251,"$4,107,310","1,000,000,000",BAT,1.47%,https://s2.coinmarketcap.com/generated/sparklines/1697.png
54,SYS,Syscoin,"$375,136,983",$0.705961,"$2,928,140","531,384,853",SYS,4.39%,https://s2.coinmarketcap.com/generated/sparklines/541.png
55,ZIL,Zilliqa,"$373,681,481",$0.056929,"$62,571,400","6,564,003,178",ZIL,16.83%,https://s2.coinmarketcap.com/generated/sparklines/2469.png
56,CNX,Cryptonex,"$373,346,915",$8.27,"$205,334","45,148,988",CNX,4.00%,https://s2.coinmarketcap.com/generated/sparklines/2027.png
57,ETHOS,Ethos,"$354,086,895",$4.67,"$4,488,090","75,807,969",ETHOS,-5.79%,https://s2.coinmarketcap.com/generated/sparklines/1817.png
58,DGB,DigiByte,"$351,363,116",$0.035382,"$3,237,030","9,930,477,003",DGB,-0.04%,https://s2.coinmarketcap.com/generated/sparklines/109.png
59,KCS,KuCoin Shares,"$344,700,011",$3.79,"$738,955","91,043,076",KCS,-1.97%,https://s2.coinmarketcap.com/generated/sparklines/2087.png
60,PIVX,PIVX,"$343,602,111",$6.17,"$2,536,000","55,701,437",PIVX,1.00%,https://s2.coinmarketcap.com/generated/sparklines/1169.png
61,GAS,Gas,"$342,269,838",$34.73,"$3,993,630","9,854,483",GAS,-4.27%,https://s2.coinmarketcap.com/generated/sparklines/1785.png
62,LRC,Loopring,"$320,176,692",$0.563909,"$1,981,190","567,780,780",LRC,6.37%,https://s2.coinmarketcap.com/generated/sparklines/1934.png
63,FCT,Factom,"$315,155,111",$36.04,"$3,873,130","8,745,102",FCT,3.78%,https://s2.coinmarketcap.com/generated/sparklines/1087.png
64,AION,Aion,"$315,149,574",$3.28,"$2,548,000","96,154,303",AION,3.16%,https://s2.coinmarketcap.com/generated/sparklines/2062.png
65,MONA,MonaCoin,"$310,795,457",$5.37,"$3,826,370","57,857,825",MONA,-2.93%,https://s2.coinmarketcap.com/generated/sparklines/213.png
66,GBYTE,Byteball Bytes,"$309,222,024",$479.25,"$2,259,940"," 645,222",GBYTE,-0.36%,https://s2.coinmarketcap.com/generated/sparklines/1492.png
67,ELF,aelf,"$307,247,500",$1.23,"$11,133,000","250,000,000",ELF,1.67%,https://s2.coinmarketcap.com/generated/sparklines/2299.png
68,PART,Particl,"$292,156,518",$32.87,"$7,625,310","8,887,864",PART,16.61%,https://s2.coinmarketcap.com/generated/sparklines/1826.png
69,QASH,QASH,"$287,520,100",$0.821486,"$3,268,700","350,000,000",QASH,1.54%,https://s2.coinmarketcap.com/generated/sparklines/2213.png
70,NAS,Nebulas,"$284,421,740",$8.01,"$6,731,600","35,500,000",NAS,0.16%,https://s2.coinmarketcap.com/generated/sparklines/1908.png
71,R,Revain,"$278,737,151",$1.51,"$5,697,810","184,450,000",R,-7.61%,https://s2.coinmarketcap.com/generated/sparklines/2135.png
72,FUN,FunFair,"$277,152,736",$0.060184,"$2,034,100","4,605,074,689",FUN,-1.33%,https://s2.coinmarketcap.com/generated/sparklines/1757.png
73,KNC,Kyber Network,"$275,068,604",$2.05,"$15,084,300","134,132,697",KNC,13.11%,https://s2.coinmarketcap.com/generated/sparklines/1982.png
74,RDD,ReddCoin,"$254,466,225",$0.008844,"$14,570,100","28,774,151,777",RDD,3.68%,https://s2.coinmarketcap.com/generated/sparklines/118.png
75,IOST,IOStoken,"$248,515,632",$0.036578,"$34,414,900","6,794,109,922",IOST,6.72%,https://s2.coinmarketcap.com/generated/sparklines/2405.png
76,DENT,Dent,"$237,277,059",$0.022353,"$3,651,740","10,614,760,961",DENT,6.53%,https://s2.coinmarketcap.com/generated/sparklines/1886.png
77,SALT,SALT,"$234,269,639",$4.33,"$3,873,640","54,162,133",SALT,1.79%,https://s2.coinmarketcap.com/generated/sparklines/1996.png
78,GXS,GXShares,"$232,705,800",$3.88,"$6,250,570","60,000,000",GXS,-0.82%,https://s2.coinmarketcap.com/generated/sparklines/1750.png
79,XZC,ZCoin,"$232,076,004",$54.69,"$3,763,440","4,243,295",XZC,-1.09%,https://s2.coinmarketcap.com/generated/sparklines/1414.png
80,KIN,Kin,"$220,190,732",$0.000291,"$321,472","756,097,560,976",KIN,0.58%,https://s2.coinmarketcap.com/generated/sparklines/1993.png
81,POWR,Power Ledger,"$214,898,223",$0.590489,"$4,827,910","363,932,644",POWR,0.71%,https://s2.coinmarketcap.com/generated/sparklines/2132.png
82,LINK,ChainLink,"$211,236,550",$0.603533,"$5,401,850","350,000,000",LINK,-2.02%,https://s2.coinmarketcap.com/generated/sparklines/1975.png
83,POLY,Polymath,"$210,967,479",$0.880608,"$1,821,880","239,570,250",POLY,15.10%,https://s2.coinmarketcap.com/generated/sparklines/2496.png
84,NEBL,Neblio,"$209,449,276",$16.25,"$3,883,090","12,890,376",NEBL,-0.59%,https://s2.coinmarketcap.com/generated/sparklines/1955.png
85,ENG,Enigma,"$199,416,693",$2.66,"$4,874,340","74,836,171",ENG,0.63%,https://s2.coinmarketcap.com/generated/sparklines/2044.png
86,BNT,Bancor,"$198,044,176",$5.02,"$5,779,390","39,443,253",BNT,0.45%,https://s2.coinmarketcap.com/generated/sparklines/1727.png
87,PAY,TenX,"$197,391,231",$1.89,"$5,601,670","104,661,310",PAY,-0.94%,https://s2.coinmarketcap.com/generated/sparklines/1758.png
88,NXT,Nxt,"$196,748,043",$0.196945,"$3,347,030","998,999,942",NXT,0.70%,https://s2.coinmarketcap.com/generated/sparklines/66.png
89,DCN,Dentacoin,"$196,048,554",$0.000603,"$184,039","325,226,613,094",DCN,-4.39%,https://s2.coinmarketcap.com/generated/sparklines/1876.png
90,CND,Cindicator,"$195,702,810",$0.135343,"$5,244,060","1,445,976,590",CND,2.46%,https://s2.coinmarketcap.com/generated/sparklines/2043.png
91,BLOCK,Blocknet,"$194,702,341",$38.62,"$1,071,930","5,041,490",BLOCK,2.14%,https://s2.coinmarketcap.com/generated/sparklines/707.png
92,EMC,Emercoin,"$188,455,424",$4.55,"$1,069,860","41,442,091",EMC,14.09%,https://s2.coinmarketcap.com/generated/sparklines/558.png
93,REQ,Request Network,"$188,389,918",$0.293688,"$3,020,210","641,462,769",REQ,0.01%,https://s2.coinmarketcap.com/generated/sparklines/2071.png
94,MAID,MaidSafeCoin,"$187,616,916",$0.414575,"$2,901,630","452,552,412",MAID,4.39%,https://s2.coinmarketcap.com/generated/sparklines/291.png
95,ICN,Iconomi,"$184,570,862",$1.85,"$3,910,470","99,735,687",ICN,-4.39%,https://s2.coinmarketcap.com/generated/sparklines/1408.png
96,SMART,SmartCash,"$182,646,764",$0.239077,"$163,779","763,966,270",SMART,-1.12%,https://s2.coinmarketcap.com/generated/sparklines/1828.png
97,NXS,Nexus,"$181,833,411",$3.25,"$27,195,600","55,971,820",NXS,8.79%,https://s2.coinmarketcap.com/generated/sparklines/789.png
98,PLR,Pillar,"$173,813,851",$0.764404,"$361,885","227,384,800",PLR,-4.85%,https://s2.coinmarketcap.com/generated/sparklines/1834.png
99,AGI,SingularityNET,"$167,848,048",$0.363717,"$576,412","461,479,799",AGI,1.09%,https://s2.coinmarketcap.com/generated/sparklines/2424.png
