#,Source,Pair,Volume (24h),Price,Volume (%),%,Updated
1,OKEx,BTC/USDT,"$520,701,000",$11701.30,8.06,%,Recently
2,Bitfinex,BTC/USD,"$323,261,000", $11657.00,5.00,%,Recently
3,Binance,XRP/BTC,"$194,301,000",$11673.90,3.01,%,Recently
4,Binance,BTC/USDT,"$176,914,000",$11695.00,2.74,%,Recently
5,OKEx,ETH/BTC,"$170,839,000 ",$11664.40,2.64,%,Recently
6,Huobi,BTC/USDT,"$170,442,000",$11684.60,2.64,%,Recently
7,Upbit,BTC/KRW,"$164,856,000",$11866.40,2.55,%,Recently
8,bitFlyer,BTC/JPY,"$160,958,000",$11717.40,2.49,%,Recently
9,Bithumb,BTC/KRW,"$155,769,000",$11869.20,2.41,%,Recently
10,OKEx,LTC/BTC,"$147,540,000",$11630.70,2.28,%,Recently
11,BTCC,BTC/USD,"$134,550,000",$11599.60,2.08,%,Recently
12,Bitstamp,BTC/USD,"$123,463,000",$11653.70,1.91,%,Recently
13,GDAX,BTC/USD,"$122,123,000",$11638.40,1.89,%,Recently
14,OKEx,ETC/BTC,"$103,684,000",$11646.60,1.61,%,Recently
15,OKEx,BCH/BTC,"$83,613,800",$11601.20,1.29,%,Recently
16,Kraken,BTC/EUR,"$80,373,200", $11631.30,1.24,%,Recently
17,Binance,ETH/BTC,"$71,765,500",$11674.40,1.11,%,Recently
18,Binance,TRX/BTC,"$58,777,800",$11675.30,0.91,%,Recently
19,Kraken,BTC/USD,"$57,354,700",$11650.00,0.89,%,Recently
20,HitBTC,BTC/USDT,"$54,874,600",$11840.10,0.85,%,Recently
21,Bit-Z,ETH/BTC,"$47,239,500",$11522.40,0.00,%,3 hours ago
22,Poloniex,XRP/BTC,"$45,042,400",$11660.60,0.70,%,Recently
23,Binance,ETC/BTC,"$44,728,200",$11742.30,0.69,%,Recently
24,Huobi,HT/BTC,"$43,993,500",$11655.50,0.68,%,Recently
25,Binance,BCPT/BTC,"$39,509,300",$11527.80,0.61,%,Recently
26,Bittrex,XRP/BTC,"$38,968,800",$11668.60,0.60,%,Recently
27,HitBTC,ETH/BTC,"$38,777,200",$11656.70,0.60,%,Recently
28,Bit-Z,TRX/BTC,"$38,278,100",$11618.50,0.00,%,3 hours ago
29,Huobi,ELA/BTC,"$36,776,400",$11657.00,0.57,%,Recently
30,Binance,NANO/BTC,"$36,393,000", $11604.80,0.56,%,Recently
31,Huobi,TRX/BTC,"$35,967,200",$11689.60,0.56,%,Recently
32,Binance,ADA/BTC,"$34,866,400",$11848.10,0.54,%,Recently
33,HitBTC,BCH/BTC,"$30,385,800 ",$11605.00,0.47,%,Recently
34,EXX,ETH/BTC,"$30,354,000",$11641.70,0.47,%,Recently
35,Binance,NEO/BTC,"$30,198,200",$11663.10,0.47,%,Recently
36,Gemini,BTC/USD,"$28,615,000",$11645.00,0.44,%,Recently
37,Bittrex,ADA/BTC,"$27,001,300",$11779.60,0.42,%,Recently
38,Bitfinex,XRP/BTC,"$26,279,900",$11669.90,0.41,%,Recently
39,CoinEgg,NEO/BTC,"$25,519,100",$11668.90,0.40,%,Recently
40,CoinEgg,ETH/BTC,"$25,070,700",$11775.90,0.39,%,Recently
41,Upbit,XRP/BTC,"$24,687,800",$11669.90,0.38,%,Recently
42,Binance,BNB/BTC,"$23,722,400",$11625.20,0.37,%,Recently
43,Coinone,BTC/KRW,"$23,223,800",$11871.00,0.36,%,Recently
44,Binance,XLM/BTC,"$22,374,600",$11702.40,0.35,%,Recently
45,CoinsBank,BTC/USD,"$22,076,200",$11499.70,0.34,%,Recently
46,Bitfinex,ETH/BTC,"$21,965,400",$11646.90,0.34,%,Recently
47,Bit-Z,LTC/BTC,"$21,750,800",$11484.20,0.00,%,3 hours ago
48,Poloniex,BTC/USDT,"$21,663,000",$11697.50,0.34,%,Recently
49,Neraex,BTC/JPY,"$21,202,100",$11557.40,0.33,%,Recently
50,CoinsBank,BTC/EUR,"$21,061,300",$11486.70,0.33,%,Recently
51,CoinsBank,BTC/GBP,"$20,960,400",$11680.80,0.32,%,Recently
52,OKEx,XRP/BTC,"$20,753,700",$11636.80,0.32,%,Recently
53,Bittrex,BTC/USDT,"$20,733,900",$11715.50,0.32,%,Recently
54,Bittrex,ETC/BTC,"$20,682,400",$11656.30,0.32,%,Recently
55,Binance,VEN/BTC,"$20,639,100",$11697.10,0.32,%,Recently
56,HitBTC,DASH/BTC,"$20,227,500",$11622.20,0.31,%,Recently
57,Upbit,TRX/BTC,"$20,032,800",$11703.90,0.31,%,Recently
58,Huobi,ABT/BTC,"$19,942,300",$11651.90,0.31,%,Recently
59,Bitbank,BTC/JPY,"$19,828,500",$11688.90,0.31,%,Recently
60,Bitstamp,BTC/EUR,"$19,758,500",$11646.40,0.31,%,Recently
61,GDAX,BTC/EUR,"$19,406,100",$11588.40,0.30,%,Recently
62,HitBTC,XMR/BTC,"$19,185,600",$11695.10,0.30,%,Recently
63,Huobi,ETH/BTC,"$18,754,100",$11651.60,0.29,%,Recently
64,Upbit,ADA/BTC,"$18,698,300",$11802.40,0.29,%,Recently
65,Huobi,XRP/BTC,"$18,473,300",$11640.10,0.29,%,Recently
66,OKEx,TRUE/BTC,"$17,988,200",$11523.50,0.28,%,Recently
67,Bitfinex,ETC/BTC,"$17,488,800",$11698.10,0.27,%,Recently
68,Bit-Z,EKT/BTC,"$17,461,200",$11546.30,0.00,%,3 hours ago
69,Binance,XMR/BTC,"$17,406,900",$11674.70,0.27,%,Recently
70,Poloniex,ETH/BTC,"$17,170,400",$11653.00,0.27,%,Recently
71,Korbit,BTC/KRW,"$16,740,100",$11855.30,0.26,%,Recently
72,Binance,DGD/BTC,"$16,063,000", $11575.40,0.25,%,Recently
73,Bit-Z,ETC/BTC,"$15,946,200",$11286.90,0.00,%,3 hours ago
74,Huobi,ZIL/BTC,"$15,812,700",$11718.40,0.24,%,Recently
75,Binance,LTC/BTC,"$15,712,100",$11658.10,0.24,%,Recently
76,Binance,ZIL/BTC,"$14,712,500",$11635.00,0.23,%,Recently
77,Bittrex,NEO/BTC,"$14,619,100",$11689.30,0.23,%,Recently
78,Upbit,NMR/BTC,"$14,544,800",$11844.60,0.23,%,Recently
79,itBit,BTC/USD,"$14,456,400",$11623.60,0.22,%,Recently
80,Upbit,NXS/BTC,"$14,152,900",$11699.30,0.22,%,Recently
81,Binance,MTL/BTC,"$13,698,900",$11656.10,0.21,%,Recently
82,CoinEgg,TRX/BTC,"$13,418,400",$11641.20,0.21,%,Recently
83,Poloniex,STR/BTC,"$13,316,100",$11706.10,0.21,%,Recently
84,Bittrex,TRX/BTC,"$13,265,300",$11703.90,0.21,%,Recently
85,Exmo,BTC/USD,"$13,216,200",$11610.00,0.20,%,Recently
86,OKEx,EOS/BTC,"$13,055,100",$11646.30,0.20,%,Recently
87,Binance,EOS/BTC,"$12,815,100",$11656.70,0.20,%,Recently
88,Poloniex,XMR/BTC,"$12,660,900",$11700.00,0.20,%,Recently
89,Bittrex,NMR/BTC,"$12,331,200",$11847.20,0.19,%,Recently
90,Bittrex,NXS/BTC,"$12,169,500",$11699.30,0.19,%,Recently
91,Bitstamp,XRP/BTC,"$12,134,500",$11675.20,0.19,%,Recently
92,Upbit,VRC/BTC,"$11,937,000",$11643.50,0.18,%,Recently
93,Binance,ICX/BTC,"$11,461,100",$11666.30,0.18,%,Recently
94,Upbit,BCPT/BTC,"$11,375,100",$11606.10,0.18,%,Recently
95,Poloniex,ETC/BTC,"$11,318,900",$11684.50,0.18,%,Recently
96,Bitfinex,BTC/EUR,"$11,290,200",$11661.40,0.17,%,Recently
97,Livecoin,BTC/USD,"$11,145,600",$11498.00,0.17,%,Recently
98,Kraken,XRP/BTC,"$11,113,000",$11668.60,0.17,%,Recently
99,Bittrex,ETH/BTC,"$10,956,900",$11684.80,0.17,%,Recently
100,Bittrex,XLM/BTC,"$10,848,400",$11647.30,0.17,%,Recently
101,CEX.IO,BTC/USD,"$10,791,000",$11698.40,0.17,%,Recently
102,Tidex,WAVES/BTC,"$10,693,600",$11650.50,0.17,%,Recently
103,Livecoin,ETH/BTC,"$10,663,600",$11681.00,0.17,%,Recently
104,OKEx,SWFTC/BTC,"$10,609,000",$11651.20,0.16,%,Recently
105,HitBTC,XRP/BTC,"$10,458,600",$11636.80,0.16,%,Recently
106,Bittrex,XEM/BTC,"$10,346,700",$11764.80,0.16,%,Recently
107,Exmo,BTC/RUB,"$10,185,300",$10568.20,0.16,%,Recently
108,Coinbene,BTC/USDT,"$9,989,200",$11687.80,0.15,%,Recently
109,Kraken,ETH/BTC,"$9,985,010",$11643.70,0.15,%,Recently
110,Upbit,ETC/BTC,"$9,837,960",$11681.20,0.15,%,Recently
111,Bittrex,XMR/BTC,"$9,736,210",$11667.30,0.15,%,Recently
112,Bittrex,BCPT/BTC,"$9,718,420",$11606.10,0.15,%,Recently
113,Upbit,NEO/BTC,"$9,596,850",$11671.50,0.15,%,Recently
114,YoBit,ETH/BTC,"$9,586,960",$11483.10,0.00,%,3 hours ago
115,EXX,BCC/BTC,"$9,421,040",$11711.70,0.15,%,Recently
116,Binance,NCASH/BTC,"$9,408,360",$11690.10,0.15,%,Recently
117,Huobi,DASH/BTC," $8,857,420",$11637.30,0.14,%,Recently
118,WEX,BTC/USD,"$8,810,020",$11580.00,0.14,%,Recently
119,Binance,WTC/BTC,"$8,802,920",$11690.20,0.14,%,Recently
120,Bit-Z,XRB/BTC,"$8,773,350",$11540.20,0.00,%,3 hours ago
121,Bitinka,BTC/USD,"$8,500,450",$11733.30,0.13,%,Recently
122,Bittrex,VRC/BTC,"$8,467,870",$11643.50,0.13,%,Recently
123,Paribu,BTC/TRY,"$8,429,930",$11231.20,0.13,%,Recently
124,BitBay,BTC/PLN,"$8,299,650",$11618.30,0.13,%,Recently
125,Upbit,RDD/BTC,"$8,130,080",$11558.10,0.13,%,Recently
126,Kucoin,IHT/BTC,"$7,871,960",$11443.40,0.12,%,Recently
127,Negocie Coins,BTC/BRL,"$7,708,550",$10981.90,0.00,%,150 hours ago
128,YoBit,DASH/BTC,"$7,700,590",$11615.20,0.00,%,3 hours ago
129,Binance,GVT/BTC,"$7,659,020",$11645.50,0.12,%,Recently
130,Huobi,THETA/BTC,"$7,596,100",$11600.70,0.12,%,Recently
131,Bit-Z,EOS/BTC,"$7,475,200",$11509.30,0.00,%,3 hours ago
132,HitBTC,ZEC/BTC,"$7,379,920",$11595.10,0.11,%,Recently
133,Upbit,ANT/BTC,"$7,323,030",$11916.50,0.11,%,Recently
134,Binance,KNC/BTC,"$7,303,830",$11663.00,0.11,%,Recently
135,Upbit,HMQ/BTC,"$7,236,000",$11566.80,0.11,%,Recently
136,EXX,LTC/BTC,"$7,210,450",$11663.90,0.11,%,Recently
137,Liqui,TRX/BTC,"$6,828,780",$11675.30,0.11,%,Recently
138,Upbit,SNT/BTC,"$6,826,470",$11880.00,0.11,%,Recently
139,Upbit,XEM/BTC,"$6,711,540",$11861.00,0.10,%,Recently
140,Fatbtc,BTC/CNY,"$6,689,210",$11671.30,0.10,%,Recently
141,WEX,BCH/BTC,"$6,648,430",$11603.40,0.10,%,Recently
142,OKEx,NEO/BTC,"$6,569,800",$11619.60,0.10,%,Recently
143,Huobi,MTN/BTC,"$6,549,280",$11595.60,0.10,%,Recently
144,AEX,BTC/BITCNY,"$6,493,310",$11860.10,0.10,%,Recently
145,Upbit,CFI/BTC," $6,461,250",$11640.80,0.10,%,Recently
146,YoBit,WAVES/BTC,"$6,363,300",$11540.70,0.00,%,3 hours ago
147,Huobi,ZEC/BTC,"$6,301,170",$11593.50,0.10,%,Recently
148,Poloniex,LTC/BTC,"$6,279,820",$11618.80,0.10,%,Recently
149,Kraken,ETC/BTC,"$6,263,060",$11711.80,0.10,%,Recently
150,Bittrex,RDD/BTC,"$6,193,630",$11558.10,0.10,%,Recently
151,Bitinka,BTC/EUR,"$6,185,170",$11720.00,0.10,%,Recently
152,Huobi,WPR/BTC,"$6,117,550",$11584.00,0.09,%,Recently
153,LakeBTC,BTC/USD,"$6,100,440",$12255.70,0.09,%,Recently
154,Binance,OMG/BTC,"$6,081,950",$11658.90,0.09,%,Recently
155,Huobi,PROPY/BTC,"$6,073,910",$11602.30,0.09,%,Recently
156,Lbank,QTUM/BTC,"$6,055,240",$11773.00,0.09,%,Recently
157,Binance,OST/BTC,"$5,974,210",$11757.90,0.09,%,Recently
158,xBTCe,BTC/USD,"$5,887,330",$11647.00,0.09,%,Recently
159,Bittrex,SNT/BTC,"$5,871,690",$11880.00,0.09,%,Recently
160,Tidex,ETH/BTC,"$5,808,600",$11558.40,0.09,%,Recently
161,Huobi,NEO/BTC,"$5,778,700",$11638.30,0.09,%,Recently
162,Bitfinex,LTC/BTC,"$5,689,990",$11631.90,0.09,%,Recently
163,Upbit,XLM/BTC,"$5,592,150",$11680.30,0.09,%,Recently
164,Bitfinex,BCH/BTC,"$5,540,350",$11614.00,0.09,%,Recently
165,Bittrex,LTC/BTC,"$5,535,950",$11645.30,0.09,%,Recently
166,CoinEgg,QTUM/BTC,"$5,389,110",$12021.70,0.08,%,Recently
167,Lbank,VEN/BTC,"$5,377,900",$11658.50,0.08,%,Recently
168,Binance,BCC/BTC,"$5,344,600",$11622.70,0.08,%,Recently
169,Binance,SNT/BTC,"$5,252,540",$11809.90,0.08,%,Recently
170,GetBTC,BTC/RUB,"$5,251,850",$12019.10,0.08,%,Recently
171,Bittrex,ANT/BTC,"$5,237,260",$11916.50,0.08,%,Recently
172,Binance,INS/BTC,"$5,232,960",$11663.90,0.08,%,Recently
173,YoBit,LSK/BTC," $5,213,850",$11508.90,0.00,%,3 hours ago
174,Bittrex,HMQ/BTC,"$5,163,780",$11541.70,0.08,%,Recently
175,GetBTC,BTC/USD,"$5,142,810",$11769.50,0.08,%,Recently
176,GetBTC,BTC/EUR,"$5,132,200",$11745.20,0.08,%,Recently
177,OKEx,AIDOC/BTC,"$5,102,000",$11698.10,0.08,%,Recently
178,HitBTC,ETC/BTC,"$5,097,240",$11762.70,0.08,%,Recently
179,Bitfinex,XMR/BTC,"$5,062,350",$11708.10,0.08,%,Recently
180,Exrates,BTG/BTC,"$5,054,800",$11287.80,0.08,%,Recently
181,Luno,BTC/ZAR,"$5,033,010",$11811.00,0.08,%,Recently
182,Bitfinex,EOS/BTC,"$5,009,400",$11660.40,0.08,%,Recently
183,Exmo,ETH/BTC,"$4,999,600",$11606.00,0.08,%,Recently
184,Bittrex,XVG/BTC,"$4,985,570", $11599.30,0.08,%,Recently
185,CoinEgg,XRP/BTC,"$4,984,660",$11362.20,0.08,%,Recently
186,Binance,BRD/BTC,"$4,977,050",$11652.10,0.08,%,Recently
187,CoinEgg,LSK/BTC,"$4,959,430",$11567.40,0.08,%,Recently
188,Bit-Z,HSR/BTC,"$4,944,870",$11669.60,0.00,%,3 hours ago
189,RightBTC,BCC/BTC,"$4,925,900",$11620.80,0.08,%,Recently
190,Binance,LUN/BTC,"$4,837,810",$11704.00,0.07,%,Recently
191,Bitinka,BTC/ARS,"$4,828,510",$11999.70,0.07,%,Recently
192,Huobi,ETC/BTC,"$4,797,390",$11631.20,0.07,%,Recently
193,Coinnest,BTC/KRW,"$4,767,780",$11473.90,0.07,%,Recently
194,Bit-Z,BCH/BTC,"$4,748,280",$11521.80,0.00,%,3 hours ago
195,CoinEgg,RUFF/BTC,"$4,661,710",$11757.10,0.07,% ,Recently
196,WEX,ETH/BTC,"$4,549,830",$11618.60,0.07,%,Recently
197,WEX,LTC/BTC,"$4,533,270",$11639.00,0.07,%,Recently
198,Huobi,ITC/BTC,"$4,529,020",$11613.30 ,0.07,%,Recently
199,Huobi,BCH/BTC,"$4,497,480",$11611.20,0.07,%,Recently
200,Bit-Z,QTUM/BTC,"$4,480,750",$11608.80,0.00,%,3 hours ago
201,Bittrex,PART/BTC,"$4,400,910",$11705.60,0.07,%,Recently
202,OKEx,QTUM/BTC,"$4,396,400",$11767.90,0.07,%,Recently
203,Kraken,XLM/BTC,"$4,383,650",$11735.70,0.07,%,Recently
204,Bitfinex,NEO/BTC,"$4,383,380",$11663.10,0.07,%,Recently
205,RightBTC,ETH/BTC,"$4,336,030",$11477.60,0.07,%,Recently
206,HitBTC,BCN/BTC,"$4,318,850",$11699.50,0.07,%,Recently
207,Bittrex,CFI/BTC,"$4,308,890",$11640.80,0.07,%,Recently
208,Poloniex,XEM/BTC,"$4,271,840",$11822.30,0.07,%,Recently
209,Huobi,MDS/BTC,"$4,180,520",$11616.10,0.06,% ,Recently
210,Huobi,LTC/BTC,"$4,169,200",$11649.50,0.06,%,Recently
211,Huobi,EOS/BTC,"$4,136,570",$11673.00,0.06,%,Recently
212,Upbit,ADT/BTC,"$4,131,240",$11821.50 ,0.06,%,Recently
213,BtcTrade.im,ETH/BTC,"$4,100,190",$11505.60,0.06,%,Recently
214,OKEx,IOTA/BTC,"$4,087,850",$11704.90,0.06,%,Recently
215,Bitcoin Indonesia,BTC/IDR,"$4,086,500",$11594.80,0.06,%,Recently
216,Binance,XVG/BTC,"$4,081,400",$11671.20,0.06,%,Recently
217,Binance,CND/BTC,"$4,074,640",$11702.20,0.06,%,Recently
218,Binance,HSR/BTC,"$4,031,130",$11755.60,0.06,%,Recently
219,Gate.io,BTC/USDT,"$4,009,500",$11678.00,0.06,%,Recently
220,WEX,DSH/BTC,"$4,004,690",$11623.80,0.06,%,Recently
221,Bittrex,CLOAK/BTC,"$4,002,280",$11745.60,0.06,%,Recently
222,Exmo,BTC/EUR,"$3,969,810",$11833.30,0.06,%,Recently
223,Upbit,KORE/BTC,"$3,944,880",$11643.60,0.06,%,Recently
224,Huobi,DGD/BTC,"$3,902,900",$11704.90,0.06,%,Recently
225,Bit-Z,INK/BTC,"$3,867,600",$11797.80,0.00,%,3 hours ago
226,Huobi,KNC/BTC,"$3,850,660", $11607.10,0.06,%,Recently
227,BTCTurk,BTC/TRY,"$3,803,610",$11359.80,0.06,%,Recently
228,Bibox,SXUT/BTC,"$3,722,110",$11738.20,0.06,%,Recently
229,QuadrigaCX,BTC/CAD,"$3,713,810",$11360.30,0.06,%,Recently
230,Huobi,BTM/BTC,"$3,712,390",$11568.30,0.06,%,Recently
231,Kucoin,OCN/BTC,"$3,694,870",$11582.60,0.06,%,Recently
232,HitBTC,XEM/BTC,"$3,634,420",$12195.70,0.06,%,Recently
233,BTC Markets,BTC/AUD,"$3,578,640",$11627.80,0.06,%,Recently
234,Upbit,CLOAK/BTC,"$3,555,060",$11745.70,0.06,%,Recently
235,OKEx,AUTO/BTC,"$3,541,950",$11599.50,0.05,%,Recently
236,Kucoin,ETH/BTC,"$3,530,470",$11651.60,0.05,%,Recently
237,Binance,PPT/BTC,"$3,521,680",$11593.00,0.05,%,Recently
238,Upbit,BTC/USDT,"$3,485,080",$11715.50,0.05,%,Recently
239,Lbank,BCC/BTC,"$3,459,750",$11505.10,0.05,%,Recently
240,Bibox,C20/BTC,"$3,457,820",$11754.40,0.05,%,Recently
241,Upbit,ETH/BTC,"$3,456,140",$11635.90,0.05,%,Recently
242,Upbit,MUE/BTC,"$3,450,990",$11591.50,0.05,%,Recently
243,Bittrex,DOGE/BTC," $3,408,620",$11380.70,0.05,%,Recently
244,CoinEgg,LBTC/BTC,"$3,378,680",$10609.10,0.05,%,Recently
245,Foxbit,BTC/BRL,"$3,346,510",$11758.00,0.05,%,Recently
246,RightBTC,LTC/BTC,"$3,343,850",$11776.20,0.05,%,Recently
247,Bittrex,ADT/BTC,"$3,323,510",$11821.50,0.05,%,Recently
248,Bittrex,BCC/BTC,"$3,304,530",$11599.20,0.05,%,Recently
249,Upbit,SLS/BTC,"$3,296,330",$11589.60,0.05,%,Recently
250,Huobi,LET/BTC,"$3,296,300",$11693.60,0.05,%,Recently
251,YoBit,ETC/BTC,"$3,282,740",$12181.30,0.00,%,3 hours ago
252,Huobi,OCN/BTC,"$3,279,100",$11684.50,0.05,%,Recently
253,Bittrex,KORE/BTC,"$3,278,160",$11643.60,0.05,%,Recently
254,CoinEgg,ACT/BTC,"$3,275,890",$11270.30,0.05,%,Recently
255,Binance,IOTA/BTC,"$3,249,540",$11704.10,0.05,%,Recently
256,Binance,QTUM/BTC,"$3,243,100",$11760.30,0.05,%,Recently
257,Mr. Exchange,BTC/ETH," $3,207,270",$11561.90,0.05,%,Recently
258,Upbit,XVG/BTC,"$3,193,800",$11599.30,0.05,%,Recently
259,Upbit,PART/BTC,"$3,180,970",$11705.60,0.05,%,Recently
260,Vebitcoin,BTC/TRY,"$3,173,750",$11451.90,0.05,%,Recently
261,Bittrex,ZCL/BTC,"$3,166,980",$11645.40,0.05,%,Recently
262,Livecoin,LTC/BTC,"$3,145,260",$11658.10,0.05,%,Recently
263,WEX,BTC/RUR,"$3,123,220",$11145.00,0.05,%,Recently
264,Binance,STRAT/BTC,"$3,114,160",$11705.80,0.05,%,Recently
265,Binance,IOST/BTC,"$3,099,350",$11729.50,0.05,%,Recently
266,OKEx,SNC/BTC,"$3,070,370",$11718.70,0.05,%,Recently
267,GDAX,ETH/BTC,"$3,063,480",$11653.20,0.05,%,Recently
268,Coinfloor,BTC/GBP,"$3,058,400",$11638.10,0.05,%,Recently
269,CoinEgg,QBT/BTC,"$2,980,380",$12039.60,0.05,%,Recently
270,Binance,BQX/BTC,"$2,972,570",$11717.80,0.05,%,Recently
271,Bittrex,OMG/BTC,"$2,956,910",$11697.90,0.05,%,Recently
272,Huobi,MEE/BTC,"$2,900,920",$11658.40,0.04,%,Recently
273,OKEx,XEM/BTC,"$2,889,450",$11391.90,0.04,%,Recently
274,Huobi,WICC/BTC,"$2,878,700",$11632.40,0.04,%,Recently
275,WEX,BTC/EUR,"$2,871,110",$11670.70,0.04,%,Recently
276,GDAX,BTC/GBP,"$2,866,530",$11703.20,0.04,%,Recently
277,Binance,NEBL/BTC,"$2,860,580",$11646.10,0.04,%,Recently
278,OKEx,VIB/BTC,"$2,854,250",$11696.30,0.04,%,Recently
279,Upbit,AGRS/BTC,"$2,849,720",$11661.50,0.04,%,Recently
280,Binance,GXS/BTC,"$2,833,840",$11686.60,0.04,%,Recently
281,Bit-Z,LSK/BTC,"$2,784,340",$11613.40,0.00,%,3 hours ago
282,Binance,ARN/BTC,"$2,774,310",$11655.70,0.04,%,Recently
283,Huobi,AIDOC/BTC,"$2,766,090",$11628.20,0.04,%,Recently
284,GDAX,LTC/BTC,"$2,737,890",$11632.60,0.04,%,Recently
285,Livecoin,XMR/BTC,"$2,724,780 ",$11696.50,0.04,%,Recently
286,OKEx,BTM/BTC,"$2,707,760",$11558.30,0.04,%,Recently
287,Upbit,EXP/BTC,"$2,684,660",$11646.70,0.04,%,Recently
288,BX Thailand,BTC/THB,"$2,666,150",$11457.10,0.04,%,Recently
289,Binance,LSK/BTC,"$2,665,000",$11727.80,0.04,%,Recently
290,YoBit,BCC/BTC,"$2,642,520",$11487.40,0.00,%,3 hours ago
291,Bittrex,MUE/BTC,"$2,597,520",$11591.50,0.04,%,Recently
292,Bit-Z,DASH/BTC,"$2,595,830",$11562.60,0.00,%,3 hours ago
293,Upbit,BITB/BTC,"$2,573,980",$11643.70,0.04,%,Recently
294,CoinEgg,BTM/BTC,"$2,544,650",$11650.80,0.04,%,Recently
295,Bitstamp,ETH/BTC,"$2,542,550",$11662.70,0.04,%,Recently
296,Huobi,VEN/BTC,"$2,530,520",$11604.10,0.04,%,Recently
297,OKEx,ZEN/BTC,"$2,505,470",$11587.50,0.04,%,Recently
298,Bittrex,SC/BTC,"$2,479,770",$11684.90,0.04,%,Recently
299,Bibox,JNT/BTC," $2,468,840",$11597.30,0.04,%,Recently
300,Binance,POA/BTC,"$2,467,090",$11618.90,0.04,%,Recently
301,Binance,LINK/BTC,"$2,431,230",$11655.60,0.04,%,Recently
302,Binance,FUEL/BTC,"$2,423,510",$11653.30,0.04,%,Recently
303,Cryptopia,ETN/BTC,"$2,400,770",$11687.00,0.04,%,Recently
304,Bit-Z,FCT/BTC,"$2,398,790",$12383.00,0.00,%,3 hours ago
305,CoinEgg,BCH/BTC,"$2,378,610",$11498.80,0.04,%,Recently
306,BtcTrade.im,LTC/BTC,"$2,328,140",$12091.00,0.04,%,Recently
307,Upbit,SC/BTC,"$2,327,540",$11617.70,0.04,%,Recently
308,Huobi,IOST/BTC,"$2,326,580",$11673.40,0.04,%,Recently
309,Upbit,SRN/BTC,"$2,300,950",$11580.30,0.04,%,Recently
310,Kraken,XMR/BTC,"$2,280,830",$11628.90,0.04,%,Recently
311,Binance,CHAT/BTC,"$2,275,990",$11762.50,0.04,%,Recently
312,HitBTC,XDN/BTC,"$2,268,160",$11745.30,0.04,%,Recently
313,TOPBTC,ETH/BTC,"$2,249,670",$11008.30,0.03,%,Recently
314,Bittrex,STRAT/BTC,"$2,248,390",$11689.30,0.03,%,Recently
315,Binance,CMT/BTC,"$2,240,660",$11802.60,0.03,%,Recently
316,Huobi,NAS/BTC,"$2,225,940",$11663.90,0.03,%,Recently
317,Huobi,QUN/BTC,"$2,216,180",$11668.00,0.03,%,Recently
318,Bittrex,SLS/BTC,"$2,211,980",$11589.60,0.03,%,Recently
319,AEX,BTC/USDT,"$2,190,530",$11782.80,0.03,%,Recently
320,Bit-Z,NKC/BTC,"$2,186,570",$11528.00,0.00,%,3 hours ago
321,WEX,ZEC/BTC,"$2,160,270",$11650.00,0.03,%,Recently
322,Huobi,SNC/BTC,"$2,154,020",$11661.10,0.03,%,Recently
323,Bit-Z,ZEC/BTC,"$2,153,300",$11586.30,0.00,%,3 hours ago
324,ZB.COM,ETC/BTC,"$2,120,190",$11656.30,0.03,%,Recently
325,Bittrex,ZEC/BTC,"$2,085,060",$11573.10,0.03,%,Recently
326,BtcTrade.im,BCH/BTC,"$2,056,120",$12341.90,0.03,%,Recently
327,Huobi,ELF/BTC,"$2,049,830",$11555.20,0.03,%,Recently
328,Binance,ADX/BTC,"$2,041,310",$11653.50,0.03,%,Recently
329,YoBit,LTC/BTC,"$2,039,050",$11417.60,0.00,%,3 hours ago
330,Bittrex,QTUM/BTC,"$2,036,840",$11790.10,0.03,%,Recently
331,Binance,ICN/BTC,"$2,017,890",$11625.90,0.03,%,Recently
332,Bitonic,BTC/EUR,"$2,014,780",$11535.90,0.03,%,Recently
333,Livecoin,DASH/BTC,"$2,011,730",$11661.70,0.03,%,Recently
334,Kucoin,KICK/BTC,"$2,007,710",$11589.80,0.03,%,Recently
335,Bittrex,LSK/BTC,"$1,997,100",$11755.50 ,0.03,%,Recently
336,Bittrex,EXP/BTC,"$1,970,690",$11723.10,0.03,%,Recently
337,Bittrex,AGRS/BTC,"$1,963,390",$11661.50,0.03,%,Recently
338,EXX,EPC/BTC,"$1,960,700",$11407.70,0.03,%,Recently
339,Exmo,DASH/BTC,"$1,953,460",$11684.80,0.03,%,Recently
340,Bitso,BTC/MXN,"$1,952,320",$11511.50,0.03,%,Recently
341,Huobi,RUFF/BTC,"$1,950,210",$11553.70,0.03,%,Recently
342,Allcoin,OC/BTC,"$1,944,370",$11652.30,0.03,%,Recently
343,Allcoin,HSR/BTC,"$1,943,640",$11339.90,0.03,%,Recently
344,Bittrex,PAY/BTC,"$1,942,450",$11715.70,0.03,%,Recently
345,C2CX,BTC/USDT,"$1,937,560",$11683.50,0.03,%,Recently
346,Kraken,LTC/BTC,"$1,928,210",$11644.10,0.03,% ,Recently
347,EXX,BTC/USDT,"$1,923,290",$11640.50,0.03,%,Recently
348,Bittrex,WAVES/BTC,"$1,916,090",$11691.80,0.03,%,Recently
349,BL3P,BTC/EUR,"$1,910,120",$11661.00,0.03,%,Recently
350,Bittrex,SRN/BTC,"$1,901,730",$11580.30,0.03,%,Recently
351,Bibox,BIX/BTC,"$1,896,030",$11675.80,0.03,%,Recently
352,Huobi,BLZ/BTC,"$1,883,450",$11646.50,0.03,%,Recently
353,Ethfinex,OMG/BTC,"$1,882,810",$11642.50,0.03,%,Recently
354,CoinEgg,INK/BTC,"$1,881,110",$11336.20,0.03,%,Recently
355,Bibox,BTM/BTC,"$1,871,150",$11771.60,0.03,%,Recently
356,Huobi,HSR/BTC,"$1,868,130",$11705.20,0.03,%,Recently
357,xBTCe,BTC/EUR,"$1,865,010",$11633.80,0.03,%,Recently
358,Exmo,XRP/BTC,"$1,836,560",$11672.60,0.03,%,Recently
359,Huobi,OMG/BTC,"$1,829,530",$11616.20,0.03,%,Recently
360,Bit-Z,PUT/BTC,"$1,826,730",$9103.43,0.00,%,3 hours ago
361,TOPBTC,ATB/BTC,"$1,818,070",$11594.50,0.03,%,Recently
362,Huobi,STK/BTC,"$1,813,280",$11621.20,0.03,%,Recently
363,Bitfinex,MIOTA/BTC,"$1,812,110",$11680.80 ,0.03,%,Recently
364,Upbit,RCN/BTC,"$1,779,500",$11554.20,0.03,%,Recently
365,Huobi,STORJ/BTC,"$1,775,580",$11756.50,0.03,%,Recently
366,HitBTC,LTC/BTC,"$1,770,880",$11632.60,0.03,%,Recently
367,ZB.COM,TRUE/BTC,"$1,770,220",$12193.50,0.03,%,Recently
368,Binance,VIB/BTC,"$1,761,600",$11670.40,0.03,%,Recently
369,Binance,GTO/BTC,"$1,754,010",$11602.90,0.03,%,Recently
370,Livecoin,LSK/BTC,"$1,731,350",$11671.60,0.03,%,Recently
371,Bittrex,DASH/BTC,"$1,728,730",$11626.70,0.03,%,Recently
372,Binance,STORJ/BTC,"$1,723,620",$11832.00,0.03,%,Recently
373,Upbit,QTUM/BTC,"$1,720,920",$11790.10,0.03,%,Recently
374,Upbit,OMG/BTC,"$1,708,240",$11654.30,0.03,%,Recently
375,Liqui,ETH/BTC,"$1,692,120",$11657.20,0.03,%,Recently
376,Bittrex,BITB/BTC,"$1,688,210",$11643.70,0.03,%,Recently
377,Binance,GAS/BTC,"$1,682,580", $11732.10,0.03,%,Recently
378,OKEx,AAC/BTC,"$1,662,780",$11421.80,0.03,%,Recently
379,Coinsquare,BTC/CAD,"$1,662,010",$11595.80,0.03,%,Recently
380,Kucoin,DRGN/BTC,"$1,659,270",$11521.40,0.03,%,Recently
381,TOPBTC,HSR/BTC,"$1,657,060",$12010.40,0.03,%,Recently
382,Upbit,SHIFT/BTC,"$1,653,420",$11529.90,0.03,%,Recently
383,Binance,POE/BTC,"$1,625,600",$11680.30,0.03,%,Recently
384,Liqui,SRN/BTC,"$1,624,850",$11607.90,0.03,%,Recently
385,Bit-Z,XAS/BTC,"$1,605,360",$12190.90,0.00,%,3 hours ago
386,Huobi,QTUM/BTC,"$1,604,830",$11809.10,0.02,%,Recently
387,Bitinka,BTC/COP,"$1,599,460",$10682.20,0.02,%,Recently
388,Zebpay,BTC/INR,"$1,595,340",$11028.60,0.02,%,Recently
389,Poloniex,DOGE/BTC,"$1,594,590",$11886.50,0.02,%,Recently
390,BitMEX,BTC/USD,"$2,667,770,000",$11650.00,0.00,%,Recently
391,BTCBOX,BTC/JPY,"$173,420,000",$11511.80,0.00,%,2 hours ago
392,Zaif,BTC/JPY,"$140,437,000",$11712.70,0.00,%,Recently
393,Fisco,BTC/JPY,"$140,411,000",$11711.10,0.00,%,Recently
394,Quoine,BTC/JPY,"$73,656,400",$11727.30,0.00,%,Recently
395,GOPAX,BTC/KRW,"$13,483,800",$11849.70,0.00,%,Recently
396,ZB.COM,BTC/USDT,"$13,137,200",$11679.50,0.00,%,Recently
397,Quoine,BTC/USD,"$5,313,930",$11685.20,0.00,%,Recently
398,Negocie Coins,B2X/BTC,"$202,724,000",$3.50,0.00,%,150 hours ago
399,Bitinka,BTC/LTC,"$5,546,980",$264.18,0.00,%,140 hours ago
