#,Source,Pair,Volume (24h),Price,Volume (%),%,Updated
1,OKEx,ETH/USDT,"$177,954,000",$864.42,9.45,%,Recently
2,OKEx,ETH/BTC,"$170,839,000",$858.77,9.07,%,Recently
3,Binance,ETH/BTC,"$71,765,500",$858.03,3.81,%,Recently
4,Huobi,ETH/USDT,"$65,318,600",$863.51,3.47,%,Recently
5,Huobi,OCN/ETH,"$63,104,400",$857.41,3.35,%,Recently
6,Huobi,TRX/ETH,"$52,605,100",$860.71,2.79,%,Recently
7,Bitfinex,ETH/USD,"$52,496,200",$861.87,2.79,%,Recently
8,Bit-Z,ETH/BTC,"$47,239,500",$869.35,0.00,%,3 hours ago
9,Huobi,HT/ETH,"$41,932,100",$860.47,2.23,%,Recently
10,HitBTC,ETH/BTC,"$38,777,200",$859.34,2.06,%,Recently
11,GDAX,ETH/USD,"$35,347,900",$859.69,1.88,%,Recently
12,Bithumb,ETH/KRW,"$34,388,600",$877.89,1.83,%,Recently
13,Binance,XRP/ETH,"$34,248,600",$860.60,1.82,%,Recently
14,EXX,ETH/BTC,"$30,354,000",$860.44,1.61,%,Recently
15,Huobi,ABT/ETH,"$29,878,500",$861.92,1.59,%,Recently
16,Huobi,ELA/ETH,"$29,449,500",$864.59,1.56,%,Recently
17,Binance,ETH/USDT,"$26,901,000",$863.19,1.43,%,Recently
18,Binance,TRX/ETH,"$26,700,700",$862.73,1.42,%,Recently
19,CoinEgg,ETH/BTC,"$25,070,700",$850.63,1.33,%,Recently
20,Bitfinex,ETH/BTC,"$21,965,400",$860.06,1.17,%,Recently
21,Huobi,IOST/ETH,"$20,908,300",$860.68,1.11,%,Recently
22,Kraken,ETH/USD,"$20,533,900",$862.00,1.09,%,Recently
23,Huobi,ETH/BTC,"$18,754,100",$859.71,1.00,%,Recently
24,Poloniex,ETH/BTC,"$17,170,400",$859.61,0.91,%,Recently
25,OKEx,ETC/ETH,"$16,830,000 ",$860.85,0.89,%,Recently
26,Upbit,ETH/KRW,"$15,117,600",$878.54,0.80,%,Recently
27,Binance,EOS/ETH,"$13,377,800",$859.99,0.71,%,Recently
28,Huobi,ZIL/ETH,"$11,276,400",$864.46,0.60,%,Recently
29,Bittrex,ETH/BTC,"$10,956,900",$857.26,0.58,%,Recently
30,Gemini,ETH/USD,"$10,895,700",$860.19,0.58,%,Recently
31,Livecoin,ETH/BTC,"$10,663,600",$857.54,0.57,%,Recently
32,Huobi,MTN/ETH,"$10,455,900",$862.74,0.56,%,Recently
33,Kraken,ETH/EUR,"$10,357,800",$860.33,0.55,%,Recently
34,Kraken,ETH/BTC,"$9,985,010",$860.29,0.53,%,Recently
35,YoBit,ETH/BTC,"$9,586,960",$872.33,0.00,%,3 hours ago
36,Simex,ETH/USD,"$9,399,850",$862.00 ,0.50,%,Recently
37,OKEx,TRUE/ETH,"$8,872,430",$870.34,0.47,%,Recently
38,Binance,NEO/ETH,"$8,677,190",$859.25,0.46,%,Recently
39,Binance,ADA/ETH,"$8,375,400",$873.61,0.44,%,Recently
40,Coinone,ETH/KRW,"$7,795,720",$877.52,0.41,%,Recently
41,Binance,ETC/ETH,"$7,750,620",$863.78,0.41,%,Recently
42,Liqui,TRX/ETH,"$7,307,880",$858.08,0.39,%,Recently
43,Bitstamp,ETH/USD,"$6,990,020",$860.48,0.37,%,Recently
44,Huobi,EOS/ETH,"$6,954,030",$862.70,0.37,%,Recently
45,Coinbene,ETH/USDT,"$6,753,580",$862.70,0.36,%,Recently
46,Binance,VEN/ETH,"$6,432,030",$858.65,0.34,%,Recently
47,Bitfinex,EOS/ETH,"$6,191,180",$862.09,0.33,%,Recently
48,Huobi,THETA/ETH,"$5,915,480",$858.02,0.31,%,Recently
49,Binance,BCPT/ETH,"$5,846,720",$852.53,0.31,%,Recently
50,Huobi,WPR/ETH,"$5,819,080",$862.96 ,0.31,%,Recently
51,Tidex,ETH/BTC,"$5,808,600",$866.64,0.31,%,Recently
52,Binance,XLM/ETH,"$5,630,350",$862.75,0.30,%,Recently
53,Coinbene,ABT/ETH,"$5,209,530",$861.23,0.28,%,Recently
54,Exmo,ETH/BTC,"$4,999,600",$863.09,0.27,%,Recently
55,Bibox,SXUT/ETH,"$4,882,360",$862.22,0.26,%,Recently
56,EXX,ETH/HSR,"$4,840,210",$1030.63,0.26,%,Recently
57,Bitstamp,ETH/EUR,"$4,641,620",$858.74,0.25,%,Recently
58,WEX,ETH/USD,"$4,606,780",$855.20,0.24,%,Recently
59,Binance,ZIL/ETH,"$4,602,110",$861.46,0.24,%,Recently
60,WEX,ETH/BTC,"$4,549,830",$862.15,0.24,%,Recently
61,AEX,ETH/BITCNY,"$4,356,040",$873.21,0.23,%,Recently
62,HitBTC,ETH/USDT,"$4,337,950",$874.89,0.23,%,Recently
63,EXX,EPC/ETH,"$4,337,240",$869.06,0.23,%,Recently
64,RightBTC,ETH/BTC,"$4,336,030",$872.74,0.23,%,Recently
65,OKEx,XRP/ETH,"$4,216,730",$861.47,0.22,%,Recently
66,OKEx,EOS/ETH,"$4,187,900",$859.35,0.22,%,Recently
67,IDEX,CS/ETH,"$4,170,060",$821.61,0.22,%,Recently
68,Bibox,C20/ETH,"$4,120,860",$864.21,0.22,%,Recently
69,Binance,DGD/ETH,"$4,106,430",$852.26,0.22,%,Recently
70,Binance,ICX/ETH,"$4,102,690",$859.00,0.22,%,Recently
71,BtcTrade.im,ETH/BTC,"$4,100,190",$870.62,0.22,%,Recently
72,Bit-Z,INK/ETH,"$4,095,090",$939.24,0.00,%,3 hours ago
73,Binance,NANO/ETH,"$4,086,090",$856.70,0.22,%,Recently
74,Gate.io,ETH/USDT,"$4,051,010",$864.71,0.22,%,Recently
75,Neraex,ETH/JPY,"$3,930,780",$840.00,0.21,%,Recently
76,Coinnest,ETH/KRW,"$3,817,990",$845.23,0.20,%,Recently
77,Binance,XMR/ETH,"$3,633,800",$857.36,0.19,%,Recently
78,Binance,LTC/ETH,"$3,576,540",$859.86,0.19,%,Recently
79,Kucoin,ETH/BTC,"$3,530,470",$859.71,0.19,%,Recently
80,Upbit,ETH/BTC,"$3,456,140",$860.87,0.18,%,Recently
81,Korbit,ETH/KRW,"$3,451,260",$878.82,0.18,%,Recently
82,Huobi,QUN/ETH,"$3,415,820",$862.03,0.18,%,Recently
83,Mr. Exchange,BTC/ETH,"$3,207,270",$866.38,0.17,%,Recently
84,Exmo,ETH/USD,"$3,165,590",$860.16,0.17,%,Recently
85,GDAX,ETH/BTC,"$3,063,480",$859.59,0.16,%,Recently
86,Huobi,BTM/ETH,"$3,007,860",$857.17,0.16,%,Recently
87,Poloniex,ETH/USDT,"$2,999,870",$865.29,0.16,%,Recently
88,Huobi,PROPY/ETH,"$2,936,330",$861.42,0.16,%,Recently
89,Huobi,DGD/ETH,"$2,879,240",$865.97,0.15,%,Recently
90,Bibox,JNT/ETH,"$2,833,580",$858.77,0.15,%,Recently
91,Bittrex,XRP/ETH,"$2,758,590",$860.10,0.15,%,Recently
92,Liqui,SRN/ETH,"$2,687,370",$857.65,0.14,%,Recently
93,ZB.COM,ETH/USDT,"$2,672,420",$864.28,0.14,%,Recently
94,GDAX,ETH/EUR,"$2,614,190",$857.86,0.14,%,Recently
95,Bibox,BIX/ETH,"$2,561,120", $861.44,0.14,%,Recently
96,Huobi,DTA/ETH,"$2,551,680",$860.51,0.14,%,Recently
97,Bitstamp,ETH/BTC,"$2,542,550",$858.89,0.14,%,Recently
98,AEX,ETH/USDT,"$2,516,470",$866.19,0.13,%,Recently
99,Binance,BRD/ETH,"$2,440,600",$859.82,0.13,%,Recently
100,Huobi,LET/ETH,"$2,417,190",$862.36,0.13,%,Recently
101,Bancor Network,BNT/ETH,"$2,401,370",$860.66,0.13,%,Recently
102,Huobi,TOPC/ETH,"$2,393,150",$864.51,0.13,%,Recently
103,Binance,WTC/ETH,"$2,355,140",$860.89,0.13,%,Recently
104,Huobi,OMG/ETH,"$2,346,280",$858.60,0.12,%,Recently
105,WEX,ETH/RUR,"$2,317,180",$821.41,0.12,%,Recently
106,TOPBTC,ETH/BTC,"$2,249,670",$909.95,0.12,%,Recently
107,WEX,ETH/EUR,"$2,226,340",$860.33,0.12,%,Recently
108,Fatbtc,ETH/CNY,"$2,178,110",$898.18,0.12,%,Recently
109,Bibox,BTM/ETH,"$2,167,150", $875.49,0.12,%,Recently
110,WEX,BCH/ETH,"$2,132,720",$856.63,0.11,%,Recently
111,HitBTC,AVH/ETH,"$2,093,440",$865.07,0.11,%,Recently
112,Huobi,NAS/ETH,"$2,038,140",$862.25,0.11,%,Recently
113,Huobi,RUFF/ETH,"$2,037,220",$854.91,0.11,%,Recently
114,WEX,ETH/LTC,"$1,983,590",$860.75,0.11,%,Recently
115,Binance,OMG/ETH,"$1,955,260",$862.27,0.10,%,Recently
116,Binance,KNC/ETH,"$1,945,850",$857.40,0.10,%,Recently
117,Huobi,STK/ETH,"$1,918,190",$861.93,0.10,%,Recently
118,Tidex,CS/ETH,"$1,914,970",$872.26,0.10,%,Recently
119,Binance,GXS/ETH,"$1,902,390",$862.35,0.10,%,Recently
120,Kucoin,IHT/ETH,"$1,892,280",$838.17,0.10,%,Recently
121,Coinbene,MTN/ETH,"$1,851,970",$889.35,0.10,%,Recently
122,Binance,BNB/ETH,"$1,834,310",$857.05,0.10,%,Recently
123,Huobi,BLZ/ETH,"$1,819,590", $860.91,0.10,%,Recently
124,Huobi,VEN/ETH,"$1,815,220",$858.37,0.10,%,Recently
125,Binance,NCASH/ETH,"$1,808,510",$857.08,0.10,%,Recently
126,Bittrex,ETH/USDT,"$1,771,480 ",$867.19,0.09,%,Recently
127,Binance,GVT/ETH,"$1,710,770",$857.93,0.09,%,Recently
128,HitBTC,BCH/ETH,"$1,698,870",$856.41,0.09,%,Recently
129,Liqui,ETH/BTC,"$1,692,120",$859.30,0.09,%,Recently
130,Binance,OST/ETH,"$1,667,890",$864.94,0.09,%,Recently
131,WEX,DSH/ETH,"$1,667,780",$857.21,0.09,%,Recently
132,Liqui,ADX/ETH,"$1,598,000",$862.42,0.08,%,Recently
133,Binance,POA/ETH,"$1,596,330",$852.62,0.08,%,Recently
134,Huobi,MDS/ETH,"$1,588,950",$864.43,0.08,%,Recently
135,Kucoin,ZPT/ETH,"$1,571,370",$862.01,0.08,%,Recently
136,Huobi,SNC/ETH,"$1,571,180",$853.59,0.08,%,Recently
137,Huobi,ITC/ETH,"$1,537,490",$864.63,0.08,%,Recently
138,OKEx,INS/ETH,"$1,502,230",$861.88,0.08,%,Recently
139,Bibox,HPB/ETH,"$1,481,560",$860.99,0.08,%,Recently
140,Huobi,ELF/ETH,"$1,477,180 ",$857.33,0.08,%,Recently
141,Bit-Z,NKC/ETH,"$1,476,600",$857.68,0.00,%,3 hours ago
142,Binance,BQX/ETH,"$1,453,880",$864.12,0.08,%,Recently
143,Huobi,WICC/ETH,"$1,451,930",$859.20,0.08,%,Recently
144,Bibox,ETH/BTC,"$1,413,690",$858.87,0.08,%,Recently
145,Bibox,GTO/ETH,"$1,386,610",$863.43,0.07,%,Recently
146,Bibox,LTC/ETH,"$1,366,070",$855.13,0.07,%,Recently
147,OKEx,TOPC/ETH,"$1,334,880",$857.85,0.07,%,Recently
148,Binance,SNT/ETH,"$1,323,550",$874.72,0.07,%,Recently
149,xBTCe,ETH/EUR,"$1,322,320",$878.91,0.07,%,Recently
150,HitBTC,XMR/ETH,"$1,320,950",$864.08,0.07,%,Recently
151,OKEx,AUTO/ETH,"$1,319,330",$875.09,0.07,%,Recently
152,Bibox,TNC/ETH,"$1,310,350",$857.35,0.07,%,Recently
153,Liqui,GUP/ETH,"$1,305,050",$862.51,0.07,%,Recently
154,BTCTurk,ETH/TRY,"$1,277,200 ",$839.48,0.07,%,Recently
155,Huobi,ENG/ETH,"$1,276,960",$865.61,0.07,%,Recently
156,bitFlyer,ETH/BTC,"$1,274,620",$861.10,0.07,%,Recently
157,Huobi,LSK/ETH,"$1,273,590",$863.13,0.07,%,Recently
158,Bittrex,ADA/ETH,"$1,269,800",$873.66,0.07,%,Recently
159,CEX.IO,ETH/USD,"$1,265,520",$873.83,0.07,%,Recently
160,WEX,ETH/ZEC,"$1,259,780",$860.21,0.07,%,Recently
161,Qryptos,RKT/ETH,"$1,244,140",$1050.84,0.07,%,Recently
162,Huobi,HSR/ETH,"$1,242,300",$868.96,0.07,%,Recently
163,Huobi,MTX/ETH,"$1,227,960",$855.50,0.07,%,Recently
164,Binance,IOTA/ETH,"$1,224,360",$865.53,0.07,%,Recently
165,EXX,ETH/USDT,"$1,220,660", $861.86,0.06,%,Recently
166,OKEx,AAC/ETH,"$1,217,990",$876.30,0.06,%,Recently
167,Bibox,MED/ETH,"$1,213,160",$860.20,0.06,%,Recently
168,Huobi,QTUM/ETH,"$1,190,100",$872.59,0.06,%,Recently
169,xBTCe,ETH/USD,"$1,186,450",$858.17,0.06,%,Recently
170,Gemini,ETH/BTC,"$1,159,360",$859.24,0.06,%,Recently
171,OKEx,AIDOC/ETH,"$1,150,140",$865.20,0.06,%,Recently
172,OKEx,NEO/ETH,"$1,124,780",$857.16,0.06,%,Recently
173,HitBTC,W3C/ETH,"$1,095,400",$843.05,0.06,%,Recently
174,Lbank,ZEC/ETH,"$1,079,620",$849.60,0.06,%,Recently
175,Bibox,CAT/ETH,"$1,068,190",$883.87,0.06,%,Recently
176,BTC Markets,ETH/AUD,"$1,052,870",$862.63,0.06,%,Recently
177,Huobi,RCN/ETH,"$1,052,340",$859.64,0.06,%,Recently
178,Binance,XVG/ETH,"$1,046,620",$860.45,0.06,%,Recently
179,Binance,CND/ETH,"$1,043,530", $865.50,0.06,%,Recently
180,Huobi,GNT/ETH,"$1,035,860",$855.99,0.06,%,Recently
181,Qryptos,MTN/ETH,"$1,035,420",$815.29,0.05,%,Recently
182,Bittrex,NEO/ETH,"$1,025,620",$861.80,0.05,%,Recently
183,Liqui,ETH/USDT,"$1,022,370",$862.39,0.05,%,Recently
184,C2CX,ETH/USDT,"$1,012,620",$863.18,0.05,%,Recently
185,Kraken,ETC/ETH,"$1,011,680",$867.27,0.05,%,Recently
186,Poloniex,ETC/ETH,"$1,009,790",$865.48,0.05,%,Recently
187,Upbit,XRP/ETH,"$1,008,180",$859.74,0.05,%,Recently
188,Huobi,AIDOC/ETH,"$995,181",$862.68,0.05,%,Recently
189,Binance,PPT/ETH,"$991,210",$851.84,0.05,%,Recently
190,Binance,CMT/ETH,"$980,817",$871.96,0.05,%,Recently
191,xBTCe,ETH/BTC,"$979,656",$861.57,0.05,%,Recently
192,Exmo,ETH/RUB,"$968,498",$778.09,0.05,%,Recently
193,BX Thailand,ETH/THB,"$963,693",$850.63 ,0.05,%,Recently
194,Bibox,LEND/ETH,"$960,190",$857.22,0.05,%,Recently
195,Huobi,UTK/ETH,"$951,466",$850.82,0.05,%,Recently
196,ChaoEX,ETH/BTC,"$948,025",$859.11,0.05,%,Recently
197,Binance,LINK/ETH,"$947,031",$859.91,0.05,%,Recently
198,Bibox,EOS/ETH,"$932,104",$862.45,0.05,%,Recently
199,Huobi,ADX/ETH,"$929,908",$859.47,0.05,%,Recently
200,Huobi,CMT/ETH,"$924,497",$871.17,0.05,%,Recently
201,Huobi,LINK/ETH,"$916,822",$856.85,0.05,%,Recently
202,Huobi,SRN/ETH,"$911,934",$863.93,0.05,%,Recently
203,Bibox,ETC/ETH,"$903,928",$865.43,0.05,%,Recently
204,Bibox,ITC/ETH,"$896,945",$870.83,0.05,% ,Recently
205,Huobi,CHAT/ETH,"$896,421",$860.88,0.05,%,Recently
206,Kucoin,OCN/ETH,"$886,418",$866.17,0.05,%,Recently
207,Kucoin,DENT/ETH,"$886,179",$861.38,0.05,%,Recently
208,Huobi,SOC/ETH,"$864,346",$846.74,0.05,%,Recently
209,Bibox,ETH/USDT,"$860,363",$858.65,0.05,%,Recently
210,Huobi,QASH/ETH,"$854,683",$862.47,0.05,%,Recently
211,Binance,DASH/ETH,"$848,920",$858.40,0.05,%,Recently
212,Huobi,CVC/ETH,"$848,875",$861.69,0.05,%,Recently
213,Kucoin,DRGN/ETH,"$844,927",$866.77,0.04,%,Recently
214,Binance,IOST/ETH,"$838,606",$867.41,0.04,%,Recently
215,QuadrigaCX,ETH/CAD,"$831,929",$843.36,0.04,%,Recently
216,Bittrex,ETC/ETH,"$828,665",$861.99,0.04,%,Recently
217,Huobi,LUN/ETH,"$819,817",$859.69,0.04,%,Recently
218,Huobi,DBC/ETH,"$811,490",$855.67,0.04,%,Recently
219,Bibox,CPC/ETH,"$808,240",$861.07,0.04,%,Recently
220,IDEX,MAN/ETH,"$805,500",$861.43,0.04,%,Recently
221,Binance,FUEL/ETH,"$804,003", $858.30,0.04,%,Recently
222,Binance,REQ/ETH,"$796,741",$858.02,0.04,%,Recently
223,Huobi,GAS/ETH,"$794,812",$858.47,0.04,%,Recently
224,Binance,QTUM/ETH,"$791,145",$869.16,0.04,%,Recently
225,Bibox,GNX/ETH,"$790,094",$860.29,0.04,%,Recently
226,Huobi,EVX/ETH,"$788,940",$862.20,0.04,%,Recently
227,xBTCe,ETH/RUB,"$788,298",$904.18,0.04,%,Recently
228,Bibox,BLT/ETH,"$769,294",$872.15,0.04,%,Recently
229,Allcoin,UGT/ETH,"$763,296",$860.94,0.04,%,Recently
230,Bitbank,ETH/BTC,"$757,593",$866.72,0.04,%,Recently
231,Kucoin,R/ETH,"$753,201",$894.09,0.04,%,Recently
232,Binance,NEBL/ETH,"$751,088",$858.92,0.04,%,Recently
233,Kucoin,NEO/ETH,"$747,626",$859.08,0.04,%,Recently
234,Bittrex,XEM/ETH,"$746,740",$866.59,0.04,%,Recently
235,Bibox,ABT/ETH,"$739,978", $858.74,0.04,%,Recently
236,Bibox,RDN/ETH,"$737,993",$870.63,0.04,%,Recently
237,Binance,LUN/ETH,"$731,575",$863.90,0.04,%,Recently
238,Kucoin,POLY/ETH,"$730,257",$864.26,0.04,%,Recently
239,Livecoin,ETH/USD,"$726,010",$848.00,0.04,%,Recently
240,Huobi,MANA/ETH,"$725,835",$858.71,0.04,%,Recently
241,Exmo,ETH/EUR,"$722,328",$874.64,0.04,%,Recently
242,CoinEx,ETH/BCH,"$721,684",$858.01,0.04,%,Recently
243,Bitfinex,NEO/ETH,"$706,225",$860.76,0.04,%,Recently
244,Huobi,OST/ETH,"$702,039",$860.84,0.04,%,Recently
245,OKEx,IOTA/ETH,"$700,126",$866.25,0.04,%,Recently
246,Huobi,SMT/ETH,"$698,464",$861.57,0.04,%,Recently
247,Huobi,MCO/ETH,"$688,781",$857.64,0.04,%,Recently
248,Huobi,GNX/ETH,"$687,949",$860.23,0.04,%,Recently
249,Binance,AION/ETH,"$683,822", $859.42,0.04,%,Recently
250,Qryptos,FLIXX/ETH,"$675,604",$852.63,0.04,%,Recently
251,Coinroom,ETH/PLN,"$675,600",$887.15,0.04,%,Recently
252,Exmo,ETH/UAH,"$673,840",$868.62,0.04,%,Recently
253,Cryptopia,ETH/BTC,"$666,450",$858.33,0.04,%,Recently
254,Bit-Z,TRX/ETH,"$658,756",$869.33,0.00,%,3 hours ago
255,Binance,ICN/ETH,"$652,943",$856.93,0.03,%,Recently
256,Binance,GTO/ETH,"$652,238",$856.61,0.03,%,Recently
257,Huobi,PAY/ETH,"$633,772",$858.27,0.03,%,Recently
258,Huobi,ACT/ETH,"$628,549",$865.06,0.03,%,Recently
259,Bibox,TNB/ETH,"$627,834",$859.65,0.03,%,Recently
260,Huobi,YEE/ETH,"$626,376",$861.62,0.03,%,Recently
261,OKEx,QTUM/ETH,"$616,838",$869.57,0.03,%,Recently
262,Bitcoin Indonesia,ETH/IDR,"$608,829",$857.60,0.03,%,Recently
263,Gate.io,BTM/ETH,"$607,046", $862.16,0.03,%,Recently
264,Huobi,ZLA/ETH,"$602,923",$846.49,0.03,%,Recently
265,Quoine,ETH/JPY,"$600,955",$865.72,0.03,%,Recently
266,Huobi,SWFTC/ETH,"$588,547",$861.42,0.03,%,Recently
267,IDEX,DADI/ETH,"$586,684",$814.22,0.03,%,Recently
268,Huobi,BAT/ETH,"$586,670",$858.03,0.03,%,Recently
269,OKEx,BTM/ETH,"$582,822",$854.83,0.03,%,Recently
270,Binance,CHAT/ETH,"$582,252",$866.13,0.03,%,Recently
271,Koinex,ETH/INR,"$576,408",$852.67,0.03,%,Recently
272,Huobi,POWR/ETH,"$574,116",$864.27,0.03,%,Recently
273,Upbit,TRX/ETH,"$572,324",$856.85,0.03,%,Recently
274,Bit-Z,NULS/ETH,"$568,530",$899.20,0.00,% ,3 hours ago
275,Vebitcoin,ETH/TRY,"$566,617",$850.36,0.03,%,Recently
276,COSS,COSS/ETH,"$566,290",$860.87,0.03,%,Recently
277,Huobi,MEE/ETH,"$563,023",$863.14 ,0.03,%,Recently
278,Binance,LEND/ETH,"$562,996",$859.49,0.03,%,Recently
279,OKEx,BKX/ETH,"$562,954",$862.49,0.03,%,Recently
280,Bibox,CAG/ETH,"$556,797",$858.37,0.03,%,Recently
281,Huobi,ICX/ETH,"$549,627",$865.52,0.03,%,Recently
282,Bibox,CMT/ETH,"$548,310",$889.56,0.03,%,Recently
283,ChaoEX,ZRX/ETH,"$546,247",$879.68,0.03,%,Recently
284,Binance,BCC/ETH,"$541,990",$856.63,0.03,%,Recently
285,CoinEx,ETH/BTC,"$538,544",$858.54,0.03,%,Recently
286,Binance,LSK/ETH,"$530,724",$863.64,0.03,%,Recently
287,Huobi,RDN/ETH,"$529,653",$863.91,0.03,%,Recently
288,Bittrex,TRX/ETH,"$523,600",$856.85,0.03,%,Recently
289,HitBTC,ETC/ETH,"$523,312",$868.84,0.03,%,Recently
290,Upbit,NEO/ETH,"$522,586",$857.51,0.03,%,Recently
291,Qryptos,TRX/ETH,"$521,134",$860.71 ,0.03,%,Recently
292,Gate.io,ZIL/ETH,"$518,982",$854.39,0.03,%,Recently
293,EXX,SEXC/ETH,"$514,938",$860.93,0.03,%,Recently
294,Kucoin,TKY/ETH,"$514,658",$868.31,0.03,%,Recently
295,Binance,POE/ETH,"$514,440",$860.82,0.03,%,Recently
296,Binance,ZRX/ETH,"$510,484",$860.51,0.03,%,Recently
297,Huobi,QSP/ETH,"$508,332",$859.26,0.03,%,Recently
298,Binance,BLZ/ETH,"$506,263",$857.89,0.03,%,Recently
299,Lykke Exchange,ETH/BTC,"$504,785",$863.43,0.03,%,Recently
300,ZB.COM,ETH/BTC,"$503,185",$859.46,0.03,%,Recently
301,Bittrex,BCC/ETH,"$502,953",$857.15,0.03,%,Recently
302,Huobi,TNB/ETH,"$498,454",$860.72,0.03,% ,Recently
303,Huobi,TNT/ETH,"$496,666",$863.09,0.03,%,Recently
304,Binance,ADX/ETH,"$493,988",$860.30,0.03,%,Recently
305,OKEx,RCT/ETH,"$489,326",$850.26 ,0.03,%,Recently
306,TOPBTC,SNT/ETH,"$484,671",$986.75,0.03,%,Recently
307,Kraken,EOS/ETH,"$482,402",$860.17,0.03,%,Recently
308,Binance,ELF/ETH,"$481,002",$859.75,0.03,%,Recently
309,IDEX,BEE/ETH,"$479,427",$861.11,0.03,%,Recently
310,Huobi,DAT/ETH,"$477,678",$865.26,0.03,%,Recently
311,Bit-Z,OC/ETH,"$474,519",$869.44,0.00,%,3 hours ago
312,Huobi,EKO/ETH,"$465,541",$861.49,0.02,%,Recently
313,IDEX,TRAC/ETH,"$464,866",$875.00,0.02,%,Recently
314,Huobi,REQ/ETH,"$464,267",$857.15,0.02,%,Recently
315,Mercatox,ETH/BTC,"$462,809",$880.37,0.02,%,Recently
316,Binance,QSP/ETH,"$460,512",$866.88,0.02,%,Recently
317,Bibox,MOT/ETH,"$459,667",$866.76,0.02,%,Recently
318,BitBay,ETH/PLN,"$455,401",$853.31,0.02,%,Recently
319,OEX,ETH/CNY,"$453,123",$929.10,0.02,%,Recently
320,Kucoin,BPT/ETH,"$452,255",$862.94,0.02,%,Recently
321,Bibox,TRX/ETH,"$451,775",$854.85,0.02,%,Recently
322,OKEx,STC/ETH,"$445,635",$863.02,0.02,%,Recently
323,HitBTC,XRP/ETH,"$443,560",$854.72,0.02,%,Recently
324,Huobi,SALT/ETH,"$440,416",$859.48,0.02,%,Recently
325,Bibox,MANA/ETH,"$430,284",$859.78,0.02,%,Recently
326,Qryptos,STU/ETH,"$424,165",$857.88,0.02,%,Recently
327,Bibox,ETH/DAI,"$423,318",$860.40,0.02,%,Recently
328,Gate.io,KICK/ETH,"$413,523",$873.10,0.02,%,Recently
329,Kucoin,RHOC/ETH,"$412,884",$873.27,0.02,%,Recently
330,Independent Reserve,ETH/AUD,"$412,088",$858.91,0.02,%,Recently
331,Bibox,KICK/ETH,"$410,979",$847.76,0.02,%,Recently
332,OKEx,LEV/ETH,"$410,739",$868.02,0.02,%,Recently
333,OKEx,RFR/ETH,"$406,682",$860.20,0.02,%,Recently
334,ForkDelta,VERI/ETH,"$403,259",$889.12,0.02,%,Recently
335,Binance,BTS/ETH,"$398,620",$858.43,0.02,%,Recently
336,Huobi,WAX/ETH,"$398,330",$864.04,0.02,%,Recently
337,Quoine,ETH/USD,"$397,041",$878.50,0.02,%,Recently
338,Binance,TNB/ETH,"$390,570",$861.34,0.02,%,Recently
339,Binance,NULS/ETH,"$385,745",$859.55,0.02,%,Recently
340,Binance,FUN/ETH,"$382,426",$863.49,0.02,%,Recently
341,Bibox,WAX/ETH,"$380,777",$862.34,0.02,%,Recently
342,Binance,SUB/ETH,"$377,065",$855.97,0.02,%,Recently
343,IDEX,REM/ETH,"$376,462",$883.84,0.02,%,Recently
344,OKEx,INT/ETH,"$374,227",$862.56,0.02,%,Recently
345,Upbit,ETC/ETH,"$374,052",$861.99,0.02,%,Recently
346,Bibox,MKR/ETH,"$373,557",$863.58,0.02,%,Recently
347,Binance,AE/ETH,"$372,900",$860.17,0.02,%,Recently
348,Binance,LRC/ETH,"$364,324",$860.67,0.02,%,Recently
349,Gate.io,ETH/BTC,"$362,808",$866.33,0.02,%,Recently
350,Kucoin,KICK/ETH,"$357,527",$863.50,0.02,%,Recently
351,xBTCe,ETH/CNH,"$357,448",$795.60,0.02,%,Recently
352,Gatehub,XRP/ETH,"$354,259",$865.30,0.02,%,Recently
353,Gate.io,THETA/ETH," $348,833",$838.60,0.02,%,Recently
354,Binance,ENJ/ETH,"$341,898",$858.63,0.02,%,Recently
355,OKEx,ELF/ETH,"$341,563",$861.97,0.02,%,Recently
356,OasisDEX,ETH/DAI,"$339,158",$864.74,0.02,%,Recently
357,Binance,BTG/ETH,"$338,714",$886.97,0.02,%,Recently
358,Bittrex,XLM/ETH,"$337,338",$861.69,0.02,%,Recently
359,Kucoin,DBC/ETH,"$336,484",$867.68,0.02,%,Recently
360,Binance,MTL/ETH,"$335,639",$860.51,0.02,%,Recently
361,Liqui,WINGS/ETH,"$333,917",$858.42,0.02,%,Recently
362,Bibox,AWR/ETH,"$333,766",$865.34,0.02,%,Recently
363,Huobi,APPC/ETH,"$332,652",$864.39,0.02,%,Recently
364,Coinsquare,ETH/BTC,"$331,144",$860.83,0.02,%,Recently
365,IDEX,ZIL/ETH,"$330,520",$841.58,0.02,%,Recently
366,OKEx,LTC/ETH,"$329,584",$860.79,0.02,%,Recently
367,ChaoEX,PAY/ETH,"$328,258 ",$850.84,0.02,%,Recently
368,Binance,ARN/ETH,"$328,027",$862.25,0.02,%,Recently
369,OKEx,CHAT/ETH,"$327,471",$863.66,0.02,%,Recently
370,Bittrex,LTC/ETH,"$326,875",$858.27,0.02,%,Recently
371,Binance,STRAT/ETH,"$324,403",$862.90,0.02,%,Recently
372,Qryptos,ENJ/ETH,"$322,915",$868.90,0.02,%,Recently
373,Binance,WAVES/ETH,"$320,938",$865.40,0.02,%,Recently
374,Binance,RPX/ETH,"$319,432",$863.29,0.02,%,Recently
375,Binance,WABI/ETH,"$318,025",$856.94,0.02,%,Recently
376,Binance,APPC/ETH,"$316,076",$858.60,0.02,%,Recently
377,Kucoin,ETH/USDT,"$310,403",$864.18,0.02,%,Recently
378,OKEx,R/ETH,"$308,740",$911.59,0.02,%,Recently
379,OKEx,SWFTC/ETH,"$301,703",$858.64,0.02,%,Recently
380,Binance,ENG/ETH,"$301,083",$854.84,0.02,%,Recently
381,DSX,ETH/USD,"$300,904",$850.00,0.02,%,Recently
382,Gate.io,DADI/ETH,"$299,312",$882.36,0.02,%,Recently
383,Binance,ZEC/ETH,"$295,576",$856.75,0.02,%,Recently
384,Binance,ARK/ETH,"$295,148",$865.85,0.02,%,Recently
385,OKEx,MOF/ETH,"$294,376",$862.26,0.02,%,Recently
386,Zebpay,ETH/INR,"$290,607",$837.92,0.02,%,Recently
387,YoBit,ETH/USD,"$286,535",$881.00,0.00,%,3 hours ago
388,IDEX,INSTAR/ETH,"$286,041",$862.02,0.02,%,Recently
389,Binance,VIBE/ETH,"$285,186",$853.42,0.02,%,Recently
390,Kucoin,DADI/ETH,"$280,327",$867.47,0.01,%,Recently
391,Binance,BCD/ETH,"$279,915",$287.38,0.01,%,Recently
392,CEX.IO,ETH/BTC,"$279,416", $857.72,0.01,%,Recently
393,Bibox,SNOV/ETH,"$279,291",$886.33,0.01,%,Recently
394,Binance,AST/ETH,"$278,197",$864.55,0.01,%,Recently
395,Binance,POWR/ETH,"$277,503 ",$866.14,0.01,%,Recently
396,Bit-Z,MCO/ETH,"$276,929",$876.87,0.00,%,3 hours ago
397,OKEx,HMC/ETH,"$276,911",$878.36,0.01,%,Recently
398,Bittrex,OMG/ETH,"$274,729",$853.62,0.01,%,Recently
399,GOPAX,ETH/KRW,"$3,189,850",$878.82,0.00,%,Recently
