#,Source,Pair,Volume (24h),Price,Volume (%),%,Updated
1,OKEx,LTC/USDT,"$152,971,000",$213.41,25.01,%,Recently
2,OKEx,LTC/BTC,"$147,540,000",$212.46,24.12,%,Recently
3,GDAX,LTC/USD,"$37,284,800",$212.23,6.09,%,Recently
4,Bitfinex,LTC/USD,"$24,289,500",$212.77,3.97,%,Recently
5,Bit-Z,LTC/BTC,"$21,750,800",$215.17,0.00,%,3 hours ago
6,Huobi,LTC/USDT,"$19,871,100",$213.16,3.25,%,Recently
7,Binance,LTC/USDT,"$17,584,800",$213.24,2.87,%,Recently
8,Binance,LTC/BTC,"$15,712,100",$211.96,2.57,%,Recently
9,Bithumb,LTC/KRW,"$12,852,300",$216.41,2.10,%,Recently
10,CoinsBank,LTC/USD,"$11,323,500",$212.50,1.85,%,Recently
11,Bitstamp,LTC/USD,"$8,498,280",$212.80,1.39,%,Recently
12,EXX,LTC/BTC,"$7,210,450",$211.86,1.18,%,Recently
13,Poloniex,LTC/BTC,"$6,279,820",$212.68,1.03,%,Recently
14,Bitfinex,LTC/BTC,"$5,689,990",$212.44,0.93,%,Recently
15,Bittrex,LTC/BTC," $5,535,950",$212.19,0.90,%,Recently
16,WEX,LTC/USD,"$4,553,770",$211.47,0.74,%,Recently
17,WEX,LTC/BTC,"$4,533,270",$212.31,0.74,%,Recently
18,CoinsBank,LTC/EUR,"$4,367,800",$212.14,0.71,%,Recently
19,Huobi,LTC/BTC,"$4,169,200",$212.12,0.68,%,Recently
20,HitBTC,LTC/USDT,"$3,907,290",$216.33,0.64,%,Recently
21,Binance,LTC/ETH,"$3,576,540",$212.71,0.58,%,Recently
22,Kraken,LTC/EUR,"$3,572,590",$211.86,0.58,%,Recently
23,Upbit,LTC/KRW,"$3,349,660",$216.18,0.55,%,Recently
24,RightBTC,LTC/BTC,"$3,343,850",$209.84,0.55,%,Recently
25,CoinsBank,LTC/GBP,"$3,284,440",$213.27,0.54,%,Recently
26,Livecoin,LTC/BTC,"$3,145,260",$211.96 ,0.51,%,Recently
27,AEX,LTC/BITCNY,"$3,018,200",$215.91,0.49,%,Recently
28,GDAX,LTC/EUR,"$2,892,730",$212.93,0.47,%,Recently
29,Bitstamp,LTC/EUR,"$2,799,370",$212.56,0.46,%,Recently
30,GDAX,LTC/BTC,"$2,737,890",$212.43,0.45,%,Recently
31,Kraken,LTC/USD,"$2,680,450",$212.50,0.44,%,Recently
32,WEX,BCH/LTC,"$2,416,670",$212.09,0.40,%,Recently
33,BtcTrade.im,LTC/BTC,"$2,328,140",$204.37,0.38,%,Recently
34,Coinone,LTC/KRW,"$2,302,450",$217.01,0.38,%,Recently
35,Poloniex,LTC/USDT,"$2,107,860",$212.56,0.34,%,Recently
36,WEX,LTC/RUR,"$2,084,030",$203.38,0.34,%,Recently
37,WEX,LTC/EUR,"$2,042,530",$212.65,0.33,%,Recently
38,YoBit,LTC/BTC,"$2,039,050",$216.43,0.00,%,3 hours ago
39,WEX,ETH/LTC,"$1,983,590",$212.49,0.32,%,Recently
40,Kraken,LTC/BTC,"$1,928,210",$212.22,0.32,%,Recently
41,Bittrex,LTC/USDT,"$1,825,140",$214.17,0.30,%,Recently
42,HitBTC,LTC/BTC,"$1,770,880",$212.43,0.29,%,Recently
43,BTC Markets,LTC/AUD,"$1,713,680",$213.49,0.28,%,Recently
44,Bitstamp,LTC/BTC,"$1,412,600",$211.55,0.23,%,Recently
45,xBTCe,LTC/EUR,"$1,387,630",$218.40,0.23,%,Recently
46,Bibox,LTC/ETH,"$1,366,070",$213.88,0.22,%,Recently
47,xBTCe,LTC/BTC,"$1,356,960",$204.86,0.22,%,Recently
48,WEX,DSH/LTC,"$1,352,080",$211.80,0.22,%,Recently
49,Coinbene,LTC/USDT,"$1,320,520",$212.68,0.22,%,Recently
50,AEX,LTC/USDT,"$1,298,100",$214.64,0.21,%,Recently
51,TOPBTC,LTC/BTC,"$1,281,300",$218.92,0.21,%,Recently
52,xBTCe,LTC/RUB,"$1,276,300",$226.10,0.21,%,Recently
53,xBTCe,LTC/USD,"$1,208,200",$213.50,0.20,%,Recently
54,Bibox,LTC/BTC,"$1,198,050",$213.06,0.20,%,Recently
55,Bibox,LTC/USDT,"$987,289",$212.96,0.16,%,Recently
56,xBTCe,LTC/CNH,"$884,227",$222.97,0.14,%,Recently
57,Trade By Trade,LTC/BTC,"$882,956",$213.62,0.14,%,Recently
58,ZB.COM,LTC/USDT,"$864,567",$216.35,0.14,%,Recently
59,WEX,ZEC/LTC,"$860,125",$212.72,0.14,%,Recently
60,Exmo,LTC/BTC,"$859,017",$214.47,0.14,%,Recently
61,Exmo,LTC/USD,"$783,692",$212.11,0.13,%,Recently
62,Gate.io,LTC/USDT,"$738,222",$212.94,0.12,%,Recently
63,Kucoin,LTC/BTC," $651,561",$212.64,0.11,%,Recently
64,Upbit,LTC/BTC,"$645,442",$212.19,0.11,%,Recently
65,QuadrigaCX,LTC/CAD,"$610,404",$207.64,0.10,%,Recently
66,CoinEgg,LTC/BTC,"$603,551",$214.79,0.10,%,Recently
67,Binance,LTC/BNB,"$528,846",$211.63,0.09,%,Recently
68,Cryptopia,LTC/BTC,"$495,368",$211.87,0.08,%,Recently
69,Koinex,LTC/INR,"$465,345",$210.56,0.08,%,Recently
70,Livecoin,LTC/USD,"$445,021",$210.40,0.07,%,Recently
71,C2CX,LTC/USDT,"$432,837",$212.54,0.07,%,Recently
72,OKEx,LTC/ETH,"$329,584",$212.48,0.05,%,Recently
73,Bittrex,LTC/ETH,"$326,875",$213.10,0.05,%,Recently
74,Vebitcoin,LTC/TRY,"$312,135",$210.32,0.05,%,Recently
75,Coinut,LTC/BTC,"$308,242",$212.78,0.05,%,Recently
76,Bitso,LTC/MXN,"$303,452",$213.03,0.05,%,Recently
77,EXX,LTC/USDT,"$303,065",$212.45,0.05,%,Recently
78,BitBay,LTC/PLN,"$297,736",$212.53,0.05,%,Recently
79,Bitbank,LTC/BTC,"$294,984",$211.62,0.05,%,Recently
80,Koinim,LTC/TRY,"$294,212",$206.76,0.05,%,Recently
81,Coinsquare,LTC/BTC,"$293,436",$213.47,0.05,%,Recently
82,Zebpay,LTC/INR,"$267,698",$204.95,0.04,%,Recently
83,ChaoEX,LTC/BTC,"$252,508",$212.68,0.04,%,Recently
84,Coinut,LTC/USDT,"$250,776",$213.49,0.04,%,Recently
85,Bitcoin Indonesia,LTC/IDR,"$245,138",$211.16,0.04,%,Recently
86,Fatbtc,LTC/CNY,"$244,158",$205.46,0.04,%,Recently
87,Koineks,LTC/TRY,"$242,258",$208.33,0.04,%,Recently
88,Trade By Trade,LTC/USDT,"$241,591",$208.53,0.04,%,Recently
89,BX Thailand,LTC/THB,"$222,944",$207.72,0.04,%,Recently
90,Exmo,ETH/LTC,"$222,290",$213.20,0.04,%,Recently
91,Mercatox,LTC/BTC,"$221,242",$212.62,0.04,%,Recently
92,Mercado Bitcoin,LTC/BRL,"$216,441",$214.03,0.04,%,Recently
93,YoBit,LTC/USD,"$198,629",$216.11,0.00,%,3 hours ago
94,xBTCe,ETH/LTC,"$184,693",$218.93,0.03,%,Recently
95,Kucoin,LTC/ETH,"$175,874",$212.27,0.03,%,Recently
96,Exmo,LTC/RUB,"$168,309",$192.95,0.03,%,Recently
97,CoinEx,LTC/BCH,"$164,688",$211.54,0.03,%,Recently
98,Upbit,LTC/USDT,"$153,262",$214.54,0.03,%,Recently
99,ZB.COM,LTC/BTC,"$146,883",$213.07,0.02,%,Recently
100,CryptoBridge,LTC/BTC,"$145,642",$213.88,0.02,%,Recently
101,Liqui,LTC/BTC,"$143,498",$212.96,0.02,%,Recently
102,CoinEx,LTC/BTC,"$142,378",$212.16,0.02,%,Recently
103,OkCoin Intl.,LTC/USD,"$137,841",$221.48,0.02,%,Recently
104,Liqui,LTC/USDT,"$136,439",$213.62,0.02,%,Recently
105,Exrates,LTC/USD,"$135,473", $215.97,0.02,%,Recently
106,DSX,LTC/USD,"$133,680",$212.98,0.02,%,Recently
107,Liqui,LTC/ETH,"$132,916",$212.67,0.02,%,Recently
108,Tidex,LTC/BTC,"$117,419",$209.28,0.02,%,Recently
109,BCEX,LTC/BTC,"$109,936",$244.30,0.02,%,Recently
110,LiteBit.eu,LTC/EUR,"$108,421",$214.26,0.02,%,Recently
111,Exrates,LTC/BTC,"$107,432",$218.10,0.02,%,Recently
112,HitBTC,LTC/ETH,"$107,293",$213.54,0.02,%,Recently
113,BL3P,LTC/EUR,"$103,951",$214.75,0.02,%,Recently
114,xBTCe,LTC/JPY,"$103,445",$205.70,0.02,%,Recently
115,Tidex,LTC/ETH,"$97,674",$207.50,0.02,%,Recently
116,CoinExchange,LTC/BTC,"$96,001",$212.89,0.02,%,Recently
117,Cryptopia,LTC/USDT,"$91,167",$212.64,0.01,%,Recently
118,Poloniex,LTC/XMR,"$88,913",$211.28,0.01,%,Recently
119,Exmo,LTC/EUR,"$86,734",$217.45,0.01,%,Recently
120,Gate.io,LTC/BTC,"$80,327",$212.31,0.01,%,Recently
121,BitMarket,LTC/PLN,"$72,330",$214.47,0.01,%,Recently
122,Kucoin,LTC/USDT,"$68,855",$213.91,0.01,%,Recently
123,Upbit,LTC/ETH,"$65,054",$213.54,0.01,%,Recently
124,Kucoin,LTC/NEO,"$59,156",$212.96,0.01,%,Recently
125,Trade Satoshi,LTC/BTC,"$56,052",$214.53,0.01,%,Recently
126,Bitsane,LTC/BTC,"$55,494",$211.25,0.01,%,Recently
127,Bitsane,XRP/LTC,"$53,915",$210.40,0.01,%,Recently
128,AEX,LTC/BTC,"$53,313",$214.05,0.01,%,Recently
129,Bitcoin Indonesia,LTC/BTC,"$50,771",$212.31,0.01,%,Recently
130,Altcoin Trader,LTC/ZAR,"$50,770",$217.06,0.01,%,Recently
131,Tidex,LTC/USDT,"$45,994",$209.06,0.01,%,Recently
132,Coinut,ETH/LTC,"$45,279",$213.19,0.01,%,Recently
133,Tidex,LTC/WAVES,"$44,051",$211.37,0.01,%,Recently
134,BTC Markets,LTC/BTC,"$43,559",$214.44,0.01,%,Recently
135,Negocie Coins,LTC/BRL,"$41,866",$226.80,0.00,%,150 hours ago
136,Mercatox,ETH/LTC,"$41,234",$206.98,0.01,%,Recently
137,Stocks.Exchange,LTC/BTC,"$38,054",$222.20,0.01,%,Recently
138,Bitso,LTC/BTC,"$36,355",$213.36,0.01,%,Recently
139,BTC-Alpha,LTC/USD,"$32,861",$219.15,0.01,%,Recently
140,SouthXchange,LTC/BTC,"$28,942",$214.06,0.00,%,Recently
141,BTC-Alpha,LTC/BTC,"$26,990",$212.38,0.00,%,Recently
142,Coinbene,LTC/BTC,"$26,925",$213.48,0.00,%,Recently
143,The Rock Trading,LTC/EUR,"$23,629",$210.36,0.00,%,Recently
144,OKEx,LTC/BCH,"$22,424",$211.46,0.00,%,Recently
145,BTC Trade UA,LTC/UAH,"$21,826",$199.99,0.00,%,Recently
146,The Rock Trading,LTC/BTC,"$21,344",$214.05,0.00,%,Recently
147,Bleutrade,LTC/BTC,"$18,489",$211.84,0.00,%,Recently
148,Qryptos,LTC/BTC,"$17,701",$212.89,0.00,%,Recently
149,Coinnest,LTC/KRW,"$17,660",$205.65,0.00,%,Recently
150,Livecoin,UNY/LTC," $16,759",$32.89,0.00,%,299 hours ago
151,Bit2C,LTC/ILS,"$15,506",$214.54,0.00,%,Recently
152,DSX,LTC/EUR,"$15,002",$210.18,0.00,%,Recently
153,C-CEX,LTC/BTC,"$14,521",$212.89,0.00,%,Recently
154,CoinExchange,DOGE/LTC,"$12,971",$208.13,0.00,%,Recently
155,DSX,LTC/GBP,"$12,275",$218.91,0.00,%,Recently
156,Abucoins,LTC/BTC,"$11,590",$211.30,0.00,%,Recently
157,CoinExchange,LTC/DOGE,"$9,420",$212.63,0.00,%,Recently
158,Braziliex,LTC/BRL,"$8,965",$215.18,0.00,% ,Recently
159,Mr. Exchange,XRP/LTC,"$7,860",$209.68,0.00,%,Recently
160,Coinhouse,LTC/BTC,"$7,279",$209.40,0.00,%,Recently
161,TradeOgre,LTC/BTC,"$7,241",$214.04 ,0.00,%,Recently
162,BX Thailand,LTC/BTC,"$6,770",$211.41,0.00,%,Recently
163,OKCoin.cn,LTC/CNY,"$5,919",$53.54,0.00,%,Recently
164,SouthXchange,MLM/LTC,"$5,824",$216.52,0.00,%,Recently
165,LakeBTC,LTC/BTC,"$5,609",$232.67,0.00,%,Recently
166,Bittylicious,LTC/GBP,"$5,037",$244.54,0.00,%,Recently
167,DSX,LTC/BTC,"$4,801",$207.66,0.00,%,Recently
168,Trade Satoshi,LTC/USDT,"$4,376",$215.92,0.00,%,Recently
169,SouthXchange,LTC/USD,"$3,441",$212.00,0.00,%,Recently
170,CoinFalcon,LTC/BTC,"$3,438",$215.22,0.00,%,Recently
171,Tripe Dice Exchange,LTC/BTC,"$3,362",$215.68,0.00,%,Recently
172,Bits Blockchain,LTC/BTC,"$3,360",$215.68,0.00,%,Recently
173,Waves Decentralized Exchange,LTC/BTC,"$3,341",$230.34,0.00,%,Recently
174,Stellar Decentralized Exchange,LTC/XLM,"$3,279",$212.15,0.00,%,Recently
175,OpenLedger DEX,LTC/BITUSD,"$2,840",$218.12,0.00,%,Recently
176,Cryptomate,LTC/GBP,"$2,771",$228.26,0.00,%,Recently
177,BitFlip,LTC/USD,"$2,767",$219.79,0.00,%,Recently
178,Bitmaszyna,LTC/PLN,"$2,766",$212.79,0.00,%,Recently
179,Bitsane,LTC/USD,"$2,736",$214.00,0.00,%,Recently
180,SouthXchange,GCN/LTC,"$2,472",$398.37,0.00,%,Recently
181,Waves Decentralized Exchange,LTC/WAVES," $2,438",$215.91,0.00,%,Recently
182,OpenLedger DEX,LTC/BTS,"$2,264",$212.82,0.00,%,Recently
183,Coingi,LTC/EUR,"$2,222",$211.76,0.00,%,Recently
184,Trade Satoshi,DOGE/LTC,"$2,215",$213.70,0.00,%,Recently
185,CryptoBridge,ECA/LTC,"$2,148",$192.61,0.00,%,Recently
186,Stocks.Exchange,XSH/LTC,"$1,615",$180.22,0.00,%,Recently
187,COSS,ETH/LTC,"$1,577",$239.18,0.00,%,Recently
188,Cryptohub,LTC/BTC,"$1,556",$221.03,0.00,%,Recently
189,Mr. Exchange,LTC/JPY,"$1,509",$206.41,0.00,%,Recently
190,Trade Satoshi,LTC/DOGE,"$1,494",$209.86,0.00,%,Recently
191,BitKonan,LTC/USD,"$1,352",$217.11,0.00,%,Recently
192,Bitsane,LTC/ETH,"$1,315",$209.61,0.00,%,Recently
193,BitMarket,LTC/BTC,"$1,306",$210.80,0.00,%,Recently
194,Coinut,ETC/LTC,"$1,306",$200.17,0.00,%,Recently
195,BTC-Alpha,KZC/LTC,"$1,271",$208.25,0.00,%,Recently
196,BitFlip,LTC/RUB,"$1,217",$214.77,0.00,%,Recently
197,Trade Satoshi,ZCL/LTC,"$1,211",$224.77,0.00,%,Recently
198,CoinExchange,MOON/LTC,"$1,207",$253.83,0.00,%,Recently
199,OpenLedger DEX,LTC/BTC,"$1,174",$217.47,0.00,%,Recently
200,Trade Satoshi,XP/LTC,"$1,083",$233.64,0.00,%,Recently
201,Stocks.Exchange,BTCZ/LTC,"$1,017",$218.11,0.00,%,Recently
202,C-CEX,LTC/USD,$975,$217.00,0.00,%,Recently
203,C-Patex,PHO/LTC,$924,$263.61,0.00,%,Recently
204,Cryptox,LTC/BTC,$880,$214.46,0.00,%,Recently
205,COSS,LTC/BTC,$863,$209.40,0.00,%,Recently
206,Trade Satoshi,AIB/LTC,$830,$212.54,0.00,%,Recently
207,CoinsBank,LTC/BTC,$750,$226.27,0.00,%,Recently
208,Bits Blockchain,ATMC/LTC,$749,$1805.71,0.00,%,Recently
209,CryptoBridge,HTML/LTC,$700 ,$228.75,0.00,%,Recently
210,Gatecoin,LTC/BTC,$608,$210.56,0.00,%,Recently
211,CryptoBridge,IC/LTC,$606,$189.08,0.00,%,Recently
212,Trade Satoshi,GRLC/LTC,$596,$244.23,0.00,%,Recently
213,Gatecoin,LTC/HKD,$590,$204.30,0.00,%,Recently
214,C-CEX,DOGE/LTC,$586,$209.84,0.00,%,Recently
215,Trade Satoshi,BCH/LTC,$571,$213.46,0.00,%,Recently
216,Braziliex,LTC/BTC,$512,$221.03,0.00,%,Recently
217,C-CEX,SMLY/LTC,$499,$214.13,0.00,%,Recently
218,CryptoBridge,SMART/LTC,$497,$213.08,0.00,%,Recently
219,Trade Satoshi,BTCZ/LTC,$449,$207.16,0.00,%,Recently
220,Trade Satoshi,SHND/LTC,$420,$72.48,0.00,%,Recently
221,LocalTrade,EDR/LTC,$351,$236.74,0.00,%,Recently
222,Trade Satoshi,NYC/LTC,$333,$202.37,0.00,%,Recently
223,Trade Satoshi,MNC/LTC, $310,$203.45,0.00,%,Recently
224,Mr. Exchange,LTC/BTC,$293,$207.99,0.00,%,Recently
225,Trade Satoshi,HTML/LTC,$289,$214.01,0.00,%,Recently
226,CryptoBridge,LTC/MONA,$289,$205.01,0.00,%,Recently
227,Gatecoin,LTC/USD,$286,$219.60,0.00,%,Recently
228,BigONE,LTC/BTC,$280,$217.54,0.00,%,Recently
229,OTCBTC,LTC/ETH,$262,$516.63,0.00,%,Recently
230,BitFlip,LTC/BTC,$242,$210.80,0.00,%,Recently
231,Bitlish,LTC/BTC,$203,$213.12,0.00,%,Recently
232,Coingi,LTC/USD,$202,$211.40,0.00,%,102 hours ago
233,Trade Satoshi,COLX/LTC,$181,$228.27,0.00,%,Recently
234,Trade Satoshi,VTA/LTC,$165,$212.64,0.00,%,Recently
235,CoinExchange,ECN/LTC,$155,$232.92,0.00,%,Recently
236,CryptoBridge,BCO/LTC,$154,$202.54,0.00,%,Recently
237,Bitsane,LTC/EUR,$151 ,$211.66,0.00,%,59 hours ago
238,Stocks.Exchange,ETG/LTC,$151,$77.99,0.00,%,Recently
239,Trade Satoshi,RDD/LTC,$144,$214.14,0.00,%,Recently
240,BarterDEX,LTC/KMD,$140,$214.29,0.00,%,Recently
241,OpenLedger DEX,LTC/BITCNY,$121,$208.72,0.00,%,Recently
242,Coinroom,LTC/PLN,$119,$220.68,0.00,%,Recently
243,CoinExchange,ETHD/LTC,$118,$209.03,0.00,%,Recently
244,Trade Satoshi,SLOTH/LTC,$116,$285.16,0.00,%,Recently
245,Stocks.Exchange,SHND/LTC,$113,$72.48,0.00,%,Recently
246,Trade Satoshi,BUN/LTC,$81,$1243.62,0.00,%,Recently
247,Trade Satoshi,LDOGE/LTC,$68,$249.31,0.00,%,Recently
248,Trade Satoshi,SAFEX/LTC,$67,$242.08,0.00,%,Recently
249,Lykke Exchange,LTC/BTC,$62,$221.73,0.00,%,Recently
250,Trade Satoshi,DGB/LTC,$51,$207.56,0.00,%,Recently
251,SouthXchange,LTC/BCH,$49,$317.42,0.00,%,Recently
252,Trade Satoshi,ZEC/LTC,$48,$221.35,0.00,%,Recently
253,Trade Satoshi,LTC/BCH,$43,$215.71,0.00,%,Recently
254,Trade Satoshi,BOLI/LTC,$43,$176.70,0.00,%,Recently
255,Bitsane,LTC/BCH,$36,$212.32,0.00,%,87 hours ago
256,TDAX,LTC/THB,$32,$221.25,0.00,%,Recently
257,Mr. Exchange,LTC/ETH,$30,$210.10,0.00,%,Recently
258,Trade Satoshi,XVG/LTC,$25,$78.35,0.00,%,Recently
259,Trade Satoshi,NKA/LTC,$23,$206.28,0.00,%,Recently
260,CoinExchange,DFS/LTC,$20,$266.07,0.00,%,Recently
261,Trade Satoshi,ZEIT/LTC,$19,$428.98,0.00,%,Recently
262,C-Patex,LTC/BTC,$15,$289.44,0.00,%,Recently
263,Trade Satoshi,BCC/LTC,$15,$219.17,0.00,%,Recently
264,Bitsane,ICN/LTC,$14,$205.94,0.00,%,Recently
265,OpenLedger DEX,HEAT/LTC,$14,$194.92,0.00,%,150 hours ago
266,Trade Satoshi,808/LTC,$14,$215.34,0.00,%,Recently
267,Trade Satoshi,ZEN/LTC,$12,$258.75,0.00,%,Recently
268,Trade Satoshi,FLAP/LTC,$12,$204.73,0.00,%,Recently
269,Bitlish,LTC/USD,$12,$211.01,0.00,%,Recently
270,Livecoin,POSW/LTC,$11,$163.70,0.00,% ,Recently
271,Trade Satoshi,XSH/LTC,$9,$257.79,0.00,%,Recently
272,Trade Satoshi,DASH/LTC,$9,$208.28,0.00,%,Recently
273,Trade Satoshi,1337/LTC,$7, $165.34,0.00,%,Recently
274,Coingi,LTC/BTC,$7,$218.13,0.00,%,Recently
275,C-Patex,BLC/LTC,$5,$2610.08,0.00,%,Recently
276,Coinut,LTC/USD,$3,$180.00,0.00,%,Recently
277,CoinExchange,VOX/LTC,$3,$188.29,0.00,%,Recently
278,SouthXchange,XGOX/LTC,$2,$318.15,0.00,%,Recently
279,C-CEX,ETH/LTC,$1,$210.01,0.00,%,Recently
280,CoinExchange,PUT/LTC,$0,$11147.70,0.00,%,Recently
281,NIX-E,LTC/USD,$0,$150.00,0.00,%,Recently
282,Stocks.Exchange,LTC/USDT,$0,$110.28,0.00,%,Recently
283,Trade Satoshi,BRO/LTC,$0,$231.23,0.00,%,Recently
284,Trade Satoshi,BUZZ/LTC,$0,$195.14,0.00,% ,Recently
285,Trade Satoshi,XBC/LTC,$0,$69.13,0.00,%,Recently
286,Trade Satoshi,CRAVE/LTC,$0,$116.37,0.00,%,Recently
287,Bittylicious,LTC/EUR,$0,$239.99 ,0.00,%,Recently
288,Bittylicious,LTC/USD,$0,$245.54,0.00,%,Recently
289,Gatecoin,LTC/ETH,$0,$223.79,0.00,%,Recently
290,Gatecoin,LTC/EUR,$0,$216.69,0.00,%,Recently
291,Ore.Bz,LTC/BTC,$0,$188.46,0.00,%,Recently
292,Ore.Bz,LTC/USD,$0,$213.00,0.00,%,Recently
293,Tux Exchange,LTC/BTC,$0,$215.22,0.00,%,Recently
294,Bitlish,LTC/EUR,$0,$227.15,0.00,%,Recently
295,Bitlish,LTC/RUB,$0,$230.71,0.00,%,Recently
296,Bisq,LTC/BTC,$0,$290.43,0.00,%,Recently
297,Allcoin,LTC/BTC,$0,$200.42,0.00,%,Recently
298,FreiExchange,LTC/BTC,$0,$207.07,0.00,%,Recently
299,Waves Decentralized Exchange,LTC/ETH,$0,$371.98,0.00,%,Recently
300,Waves Decentralized Exchange,LTC/EUR,$0,$201.22,0.00,%,Recently
301,Dgtmarket,LTC/BTC,$0,$232.67,0.00,%,Recently
302,Dgtmarket,LTC/PLN,$0,$238.04,0.00,%,Recently
303,BitFlip,LTC/EUR,$0,$228.09,0.00,%,Recently
304,BitFlip,LTC/UAH,$0,$128.41,0.00,%,Recently
305,TDAX,LTC/BTC,$0,$209.40,0.00,%,Recently
306,TDAX,LTC/ETH,$0,$25.06,0.00,%,Recently
307,Coinrail,LTC/KRW,$0,$198.50,0.00,%,Recently
308,OTCBTC,LTC/BTC,$0,$151.23,0.00,%,Recently
309,Coinbe,LTC/BTC,$0,$215.22,0.00,%,Recently
310,C-CEX,TRC/LTC,$0,$241.49,0.00,%,Recently
311,Trade Satoshi,TRC/LTC,$0,$165.83,0.00,%,Recently
312,C-CEX,DASH/LTC,$0,$159.26,0.00,%,Recently
313,SouthXchange,ZEIT/LTC,$0,$437.07,0.00,%,Recently
314,Trade Satoshi,POP/LTC,$0,$170.62,0.00,%,Recently
315,Trade Satoshi,PIGGY/LTC,$0,$221.81,0.00,%,Recently
316,Trade Satoshi,DOT/LTC, $0,$815.11,0.00,%,Recently
317,C-CEX,USDT/LTC,$0,$172.51,0.00,%,Recently
318,CoinExchange,CRAVE/LTC,$0,$232.73,0.00,%,Recently
319,Trade Satoshi,8BIT/LTC,$0,$44.78,0.00,%,Recently
320,Trade Satoshi,ZNY/LTC,$0,$152.06,0.00,%,Recently
321,Trade Satoshi,PAC/LTC,$0,$376.69,0.00,%,Recently
322,Trade Satoshi,KB3/LTC,$0,$70296.30,0.00,%,Recently
323,C-CEX,VRS/LTC,$0,$144.26,0.00,%,Recently
324,Trade Satoshi,PIE/LTC,$0,$14.71,0.00,%,Recently
325,VirtacoinWorld,XVP/LTC,$0,$249.50,0.00,%,Recently
326,CoinExchange,HONEY/LTC,$0,$230.51,0.00,%,Recently
327,C-CEX,ECN/LTC,$0,$1178.84,0.00,%,45 hours ago
328,C-CEX,MCAP/LTC,$0,$220.23,0.00,%,Recently
329,Trade Satoshi,4CHN/LTC,$0,$186.53,0.00,%,Recently
330,CoinExchange,TER/LTC,$0,$267.88,0.00,%,Recently
331,Cryptopia,XRY/LTC,$0,$62.60,0.00,%,Recently
332,Trade Satoshi,SOJ/LTC,$0,$627.59,0.00,%,Recently
333,C-CEX,OX/LTC,$0,$43.12,0.00,%,Recently
334,C-CEX,BQ/LTC,$0,$82.51,0.00,%,Recently
335,C-CEX,BTCZ/LTC,$0,$177.44,0.00,%,Recently
336,SouthXchange,PNX/LTC,$0,$118.91,0.00,%,Recently
337,GOPAX,LTC/KRW,"$448,010",$216.46,0.00,%,Recently
338,BITHOLIC,LTC/BTC,$430,$215.09,0.00,%,Recently
339,GOPAX,LTC/BTC,$2,$209.40,0.00,%,Recently
