#,abbr,Name,Market Cap,Price,Volume (24h),Circulating Supply,abbr,Change (24h),Price Graph (7d)
1,BTC,Bitcoin,"$197,359,522,080",$11676.80,"$6,459,470,000","16,901,850",BTC,2.86%,"<img class = ""line"" src=""https://s2.coinmarketcap.com/generated/sparklines/1.png"">"
2,ETH,Ethereum,"$84,545,266,125",$862.68,"$1,882,690,000","98,003,499",ETH,-0.23%,"<img class = ""line"" src=""https://s2.coinmarketcap.com/generated/sparklines/1027.png"">"
3,XRP,Ripple,"$40,439,456,454",$1.03,"$1,852,960,000","39,091,956,706",XRP,8.76%,"<img class = ""line"" src=""https://s2.coinmarketcap.com/generated/sparklines/52.png"">"
4,BCH,Bitcoin Cash,"$21,801,809,408",$1282.35,"$350,413,000","17,001,450",BCH,1.31%,"<img class = ""line"" src=""https://s2.coinmarketcap.com/generated/sparklines/1831.png"">"
5,LTC,Litecoin,"$11,819,529,057",$212.98,"$611,742,000","55,495,437",LTC,1.15%,"<img class = ""line"" src=""https://s2.coinmarketcap.com/generated/sparklines/2.png"">"
6,ADA,Cardano,"$7,920,331,143",$0.305485,"$202,571,000","25,927,070,538",ADA,2.89%,"<img class = ""line"" src=""https://s2.coinmarketcap.com/generated/sparklines/2010.png"">"
7,NEO,NEO,"$7,661,485,000",$117.87,"$188,294,000","65,000,000 ",NEO,-2.39%,"<img class = ""line"" src=""https://s2.coinmarketcap.com/generated/sparklines/1376.png"">"
8,XLM,Stellar,"$6,860,151,073",$0.371459,"$94,779,300","18,468,124,539",XLM,4.35%,"<img class = ""line"" src=""https://s2.coinmarketcap.com/generated/sparklines/512.png"">"
9,XMR,Monero,"$5,807,111,088",$367.74,"$131,005,000","15,791,393",XMR,1.73%,"<img class = ""line"" src=""https://s2.coinmarketcap.com/generated/sparklines/328.png"">"
10,EOS,EOS,"$5,775,650,849",$8.15,"$218,309,000","708,691,424",EOS,2.81%,"<img class = ""line"" src=""https://s2.coinmarketcap.com/generated/sparklines/1765.png"">"
11,MIOTA,IOTA," $5,219,763,304",$1.88,"$24,610,900","2,779,530,283",MIOTA,-0.77%,"<img class = ""line"" src=""https://s2.coinmarketcap.com/generated/sparklines/1720.png"">"
12,DASH,Dash,"$4,893,016,221",$617.16,"$116,544,000","7,928,265",DASH,0.05%,"<img class = ""line"" src=""https://s2.coinmarketcap.com/generated/sparklines/131.png"">"
13,XEM,NEM,"$3,271,662,000",$0.363518,"$72,504,600","8,999,999,999",XEM,1.95%,"<img class = ""line"" src=""https://s2.coinmarketcap.com/generated/sparklines/873.png"">"
14,TRX,TRON,"$3,131,172,194",$0.047624,"$293,198,000","65,748,192,475",TRX,-0.31%,"<img class = ""line"" src=""https://s2.coinmarketcap.com/generated/sparklines/1958.png"">"
15,ETC,Ethereum Classic,"$2,726,391,023",$27.18,"$616,786,000","100,303,185",ETC,-7.45%,"<img class = ""line"" src=""https://s2.coinmarketcap.com/generated/sparklines/1321.png"">"
16,USDT,Tether,"$2,215,149,821",$0.999102,"$2,247,410,000","2,217,140,814",USDT,0.04%,"<img class = ""line"" src=""https://s2.coinmarketcap.com/generated/sparklines/825.png"">"
17,VEN,VeChain,"$2,206,081,501",$4.64,"$38,881,300","475,104,558",VEN,-1.02%,"<img class = ""line"" src=""https://s2.coinmarketcap.com/generated/sparklines/1904.png"">"
18,NANO,Nano,"$2,024,774,379",$15.20,"$52,745,000","133,248,289",NANO,-0.95%,"<img class = ""line"" src=""https://s2.coinmarketcap.com/generated/sparklines/1567.png"">"
19,QTUM,Qtum,"$2,000,261,629",$27.06,"$100,648,000","73,927,148",QTUM,5.01%,"<img class = ""line"" src=""https://s2.coinmarketcap.com/generated/sparklines/1684.png"">"
20,LSK,Lisk,"$1,925,324,338",$18.78,"$29,307,000","102,504,650",LSK,0.53%,"<img class = ""line"" src=""https://s2.coinmarketcap.com/generated/sparklines/1214.png"">"
21,BTG,Bitcoin Gold,"$1,885,026,484",$111.79,"$21,386,500","16,862,361",BTG,0.40%,"<img class = ""line"" src=""https://s2.coinmarketcap.com/generated/sparklines/2083.png"">"
22,OMG,OmiseGO,"$1,785,152,809",$17.49,"$40,086,700","102,042,552",OMG,-3.87%,"<img class = ""line"" src=""https://s2.coinmarketcap.com/generated/sparklines/1808.png"">"
23,ICX,ICON,"$1,384,963,104",$3.59,"$17,095,700","385,966,364",ICX,-3.29%,"<img class = ""line"" src=""https://s2.coinmarketcap.com/generated/sparklines/2099.png"">"
24,ZEC,Zcash,"$1,367,147,000",$400.34,"$55,139,400","3,414,956",ZEC,-0.28%,"<img class = ""line"" src=""https://s2.coinmarketcap.com/generated/sparklines/1437.png"">"
25,BNB,Binance Coin,"$1,022,428,465",$10.33,"$39,400,900","99,014,000",BNB,0.96%,"<img class = ""line"" src=""https://s2.coinmarketcap.com/generated/sparklines/1839.png"">"
26,DGD,DigixDAO,"$1,003,802,000",$501.90,"$28,292,600","2,000,000",DGD,0.30%,"<img class = ""line"" src=""https://s2.coinmarketcap.com/generated/sparklines/1229.png"">"
27,STEEM,Steem,"$874,746,817",$3.49,"$7,187,050","250,985,386",STEEM,-1.45%,"<img class = ""line"" src=""https://s2.coinmarketcap.com/generated/sparklines/1230.png"">"
28,XVG,Verge,"$829,649,862",$0.056545,"$14,575,600","14,672,304,534",XVG,1.48%,"<img class = ""line"" src=""https://s2.coinmarketcap.com/generated/sparklines/693.png"">"
29,PPT,Populous,"$826,077,896",$22.32,"$4,746,140","37,004,027",PPT,7.12%,"<img class = ""line"" src=""https://s2.coinmarketcap.com/generated/sparklines/1789.png"">"
30,STRAT,Stratis,"$818,264,897",$8.28,"$8,145,560","98,765,099",STRAT,-0.08%,"<img class = ""line"" src=""https://s2.coinmarketcap.com/generated/sparklines/1343.png"">"
31,BCN,Bytecoin,"$754,611,957",$0.004106,"$4,760,780","183,764,844,362",BCN,-1.80%,"<img class = ""line"" src=""https://s2.coinmarketcap.com/generated/sparklines/372.png"">"
32,WAVES,Waves,"$690,512,000",$6.91,"$26,154,500","100,000,000",WAVES,1.40%,"<img class = ""line"" src=""https://s2.coinmarketcap.com/generated/sparklines/1274.png"">"
33,SC,Siacoin,"$664,471,312",$0.020195,"$5,752,000","32,903,415,347",SC,1.35%,"<img class = ""line"" src=""https://s2.coinmarketcap.com/generated/sparklines/1042.png"">"
34,RHOC,RChain,"$624,484,393",$1.74,"$1,459,320","359,409,272",RHOC,-2.28%,"<img class = ""line"" src=""https://s2.coinmarketcap.com/generated/sparklines/2021.png"">"
35,SNT,Status,"$623,607,761",$0.179689,"$94,436,200","3,470,483,788",SNT,13.68%,"<img class = ""line"" src=""https://s2.coinmarketcap.com/generated/sparklines/1759.png"">"
36,DOGE,Dogecoin,"$611,088,652",$0.005386,"$13,716,800","113,460,824,021",DOGE,0.03%,"<img class = ""line"" src=""https://s2.coinmarketcap.com/generated/sparklines/74.png"">"
37,MKR,Maker,"$604,992,132",$978.59,"$765,649","618,228",MKR,3.76%,"<img class = ""line"" src=""https://s2.coinmarketcap.com/generated/sparklines/1518.png"">"
38,BTS,BitShares,"$583,104,213",$0.223415,"$9,258,380","2,609,960,000",BTS,1.87%,"<img class = ""line"" src=""https://s2.coinmarketcap.com/generated/sparklines/463.png"">"
39,DCR,Decred,"$558,586,051",$81.24,"$1,497,590","6,876,124",DCR,2.05%,"<img class = ""line"" src=""https://s2.coinmarketcap.com/generated/sparklines/1168.png"">"
40,AE,Aeternity,"$547,504,901",$2.35,"$2,096,040","233,020,472",AE,1.91%,"<img class = ""line"" src=""https://s2.coinmarketcap.com/generated/sparklines/1700.png"">"
41,REP,Augur,"$513,420,600",$46.67,"$2,400,460","11,000,000",REP,1.92%,"<img class = ""line"" src=""https://s2.coinmarketcap.com/generated/sparklines/1104.png"">"
42,WTC,Waltonchain,"$501,185,384",$20.13,"$12,895,700","24,898,178",WTC,6.15%,"<img class = ""line"" src=""https://s2.coinmarketcap.com/generated/sparklines/1925.png"">"
43,ETN,Electroneum,"$492,005,542",$0.077628,"$3,066,080","6,338,015,192",ETN,7.10%,"<img class = ""line"" src=""https://s2.coinmarketcap.com/generated/sparklines/2137.png"">"
44,ZRX,0x,"$468,153,218",$0.906806,"$5,890,330","516,266,123",ZRX,-1.20%,"<img class = ""line"" src=""https://s2.coinmarketcap.com/generated/sparklines/1896.png"">"
45,BTM,Bytom,"$460,091,037 ",$0.466151,"$23,634,400","987,000,000",BTM,12.37%,"<img class = ""line"" src=""https://s2.coinmarketcap.com/generated/sparklines/1866.png"">"
46,KMD,Komodo,"$450,369,463",$4.34,"$2,504,730","103,851,209",KMD,-1.81%,"<img class = ""line"" src=""https://s2.coinmarketcap.com/generated/sparklines/1521.png"">"
47,VERI,Veritaseum,"$428,860,504",$210.57,"$832,556","2,036,645",VERI,-5.27%,"<img class = ""line"" src=""https://s2.coinmarketcap.com/generated/sparklines/1710.png"">"
48,ARDR,Ardor,"$416,328,045",$0.416745,"$3,715,890","998,999,495",ARDR,2.99%,"<img class = ""line"" src=""https://s2.coinmarketcap.com/generated/sparklines/1320.png"">"
49,DRGN,Dragonchain,"$414,885,170",$1.74,"$3,267,110","238,421,940",DRGN,7.96%,"<img class = ""line"" src=""https://s2.coinmarketcap.com/generated/sparklines/2243.png"">"
50,ARK,Ark,"$406,424,110",$4.02,"$2,638,590","101,040,956 ",ARK,-3.12%,"<img class = ""line"" src=""https://s2.coinmarketcap.com/generated/sparklines/1586.png"">"
51,GNT,Golem,"$395,709,655",$0.474323,"$7,288,430","834,262,000",GNT,9.45%,"<img class = ""line"" src=""https://s2.coinmarketcap.com/generated/sparklines/1455.png"">"
52,HSR,Hshare,"$395,047,251",$9.25,"$37,462,000","42,701,071",HSR,-3.71%,"<img class = ""line"" src=""https://s2.coinmarketcap.com/generated/sparklines/1903.png"">"
53,BAT,Basic Attenti...,"$383,618,000",$0.383618,"$4,117,890","1,000,000,000",BAT,1.88%,"<img class = ""line"" src=""https://s2.coinmarketcap.com/generated/sparklines/1697.png"">"
54,SYS,Syscoin,"$375,551,994",$0.706742,"$2,927,340","531,384,853",SYS,4.72%,"<img class = ""line"" src=""https://s2.coinmarketcap.com/generated/sparklines/541.png"">"
55,ZIL,Zilliqa,"$374,696,932",$0.057084,"$62,249,900","6,564,003,178",ZIL,17.08%,"<img class = ""line"" src=""https://s2.coinmarketcap.com/generated/sparklines/2469.png"">"
56,CNX,Cryptonex,"$373,274,225",$8.27,"$205,294","45,148,988",CNX,4.20%,"<img class = ""line"" src=""https://s2.coinmarketcap.com/generated/sparklines/2027.png"">"
57,ETHOS,Ethos,"$354,848,765",$4.68,"$4,502,020","75,807,969",ETHOS,-5.35%,"<img class = ""line"" src=""https://s2.coinmarketcap.com/generated/sparklines/1817.png"">"
58,DGB,DigiByte,"$350,794,100",$0.035325,"$3,255,490","9,930,477,003",DGB,-0.12%,"<img class = ""line"" src=""https://s2.coinmarketcap.com/generated/sparklines/109.png"">"
59,KCS,KuCoin Shares,"$344,511,552",$3.78,"$740,012","91,043,076",KCS,-2.16%,"<img class = ""line"" src=""https://s2.coinmarketcap.com/generated/sparklines/2087.png"">"
60,PIVX,PIVX,"$343,445,033",$6.17,"$2,535,180","55,701,437",PIVX,1.02%,"<img class = ""line"" src=""https://s2.coinmarketcap.com/generated/sparklines/1169.png"">"
61,GAS,Gas,"$342,239,289",$34.73,"$3,996,480","9,854,483",GAS,-4.37%,"<img class = ""line"" src=""https://s2.coinmarketcap.com/generated/sparklines/1785.png"">"
62,LRC,Loopring,"$319,908,700",$0.563437,"$1,981,610","567,780,780",LRC,6.39%,"<img class = ""line"" src=""https://s2.coinmarketcap.com/generated/sparklines/1934.png"">"
63,FCT,Factom,"$314,832,417",$36.00,"$3,839,820","8,745,102",FCT,3.72%,"<img class = ""line"" src=""https://s2.coinmarketcap.com/generated/sparklines/1087.png"">"
64,AION,Aion,"$314,760,149",$3.27,"$2,545,160","96,154,303",AION,2.93%,"<img class = ""line"" src=""https://s2.coinmarketcap.com/generated/sparklines/2062.png"">"
65,MONA,MonaCoin,"$310,559,975",$5.37,"$3,826,260","57,857,825",MONA,-2.92%,"<img class = ""line"" src=""https://s2.coinmarketcap.com/generated/sparklines/213.png"">"
66,GBYTE,Byteball Bytes,"$309,152,985",$479.14,"$2,280,440"," 645,222",GBYTE,-0.55%,"<img class = ""line"" src=""https://s2.coinmarketcap.com/generated/sparklines/1492.png"">"
67,ELF,aelf,"$307,690,000",$1.23,"$11,143,500","250,000,000",ELF,1.72%,"<img class = ""line"" src=""https://s2.coinmarketcap.com/generated/sparklines/2299.png"">"
68,PART,Particl,"$293,033,751",$32.97,"$7,608,480","8,887,864",PART,16.92%,"<img class = ""line"" src=""https://s2.coinmarketcap.com/generated/sparklines/1826.png"">"
69,QASH,QASH,"$287,964,600",$0.822756,"$3,267,540","350,000,000",QASH,1.80%,"<img class = ""line"" src=""https://s2.coinmarketcap.com/generated/sparklines/2213.png"">"
70,NAS,Nebulas,"$284,907,025",$8.03,"$6,734,960","35,500,000",NAS,0.38%,"<img class = ""line"" src=""https://s2.coinmarketcap.com/generated/sparklines/1908.png"">"
71,R,Revain,"$278,110,021",$1.51,"$5,662,220","184,450,000",R,-7.74%,"<img class = ""line"" src=""https://s2.coinmarketcap.com/generated/sparklines/2135.png"">"
72,FUN,FunFair,"$277,172,998",$0.060189,"$2,040,370","4,605,074,689",FUN,-1.35%,"<img class = ""line"" src=""https://s2.coinmarketcap.com/generated/sparklines/1757.png"">"
73,KNC,Kyber Network,"$276,019,605",$2.06,"$15,039,000","134,132,697",KNC,13.64%,"<img class = ""line"" src=""https://s2.coinmarketcap.com/generated/sparklines/1982.png"">"
74,RDD,ReddCoin,"$254,406,087",$0.008841,"$14,559,600","28,774,151,777",RDD,3.95%,"<img class = ""line"" src=""https://s2.coinmarketcap.com/generated/sparklines/118.png"">"
75,IOST,IOStoken,"$248,509,517",$0.036577,"$34,545,300","6,794,109,922",IOST,6.74%,"<img class = ""line"" src=""https://s2.coinmarketcap.com/generated/sparklines/2405.png"">"
76,DENT,Dent,"$237,020,182",$0.022329,"$3,646,960","10,614,760,961",DENT,6.52%,"<img class = ""line"" src=""https://s2.coinmarketcap.com/generated/sparklines/1886.png"">"
77,SALT,SALT,"$233,704,728",$4.31,"$3,897,730","54,162,133",SALT,1.66%,"<img class = ""line"" src=""https://s2.coinmarketcap.com/generated/sparklines/1996.png"">"
78,GXS,GXShares,"$232,671,000",$3.88,"$6,252,420","60,000,000",GXS,-0.80%,"<img class = ""line"" src=""https://s2.coinmarketcap.com/generated/sparklines/1750.png"">"
79,XZC,ZCoin,"$231,367,374",$54.53,"$3,760,700","4,243,295",XZC,-1.23%,"<img class = ""line"" src=""https://s2.coinmarketcap.com/generated/sparklines/1414.png"">"
80,KIN,Kin,"$221,301,439",$0.000293,"$319,723","756,097,560,976",KIN,1.65%,"<img class = ""line"" src=""https://s2.coinmarketcap.com/generated/sparklines/1993.png"">"
81,POWR,Power Ledger,"$214,400,363",$0.589121,"$4,847,660","363,932,644",POWR,0.58%,"<img class = ""line"" src=""https://s2.coinmarketcap.com/generated/sparklines/2132.png"">"
82,POLY,Polymath,"$211,718,292",$0.883742,"$1,825,460","239,570,250",POLY,16.01%,"<img class = ""line"" src=""https://s2.coinmarketcap.com/generated/sparklines/2496.png"">"
83,LINK,ChainLink,"$211,604,050",$0.604583,"$5,404,470","350,000,000",LINK,-1.86%,"<img class = ""line"" src=""https://s2.coinmarketcap.com/generated/sparklines/1975.png"">"
84,NEBL,Neblio,"$209,554,977",$16.26,"$3,889,920","12,890,376",NEBL,-0.33%,"<img class = ""line"" src=""https://s2.coinmarketcap.com/generated/sparklines/1955.png"">"
85,ENG,Enigma,"$199,526,703",$2.67,"$4,878,590","74,836,171",ENG,0.72%,"<img class = ""line"" src=""https://s2.coinmarketcap.com/generated/sparklines/2044.png"">"
86,BNT,Bancor,"$198,088,353",$5.02,"$5,704,170","39,443,253",BNT,0.51%,"<img class = ""line"" src=""https://s2.coinmarketcap.com/generated/sparklines/1727.png"">"
87,NXT,Nxt,"$197,224,566",$0.197422,"$3,333,240","998,999,942",NXT,1.02%,"<img class = ""line"" src=""https://s2.coinmarketcap.com/generated/sparklines/66.png"">"
88,PAY,TenX,"$197,113,878",$1.88,"$5,621,790","104,661,310",PAY,-0.97%,"<img class = ""line"" src=""https://s2.coinmarketcap.com/generated/sparklines/1758.png"">"
89,CND,Cindicator,"$195,159,122",$0.134967,"$5,266,350","1,445,976,590",CND,2.48%,"<img class = ""line"" src=""https://s2.coinmarketcap.com/generated/sparklines/2043.png"">"
90,BLOCK,Blocknet,"$194,660,496",$38.61,"$1,075,670","5,041,490",BLOCK,2.77%,"<img class = ""line"" src=""https://s2.coinmarketcap.com/generated/sparklines/707.png"">"
91,DCN,Dentacoin,"$188,250,595",$0.000579,"$161,218","325,226,613,094",DCN,-8.40%,"<img class = ""line"" src=""https://s2.coinmarketcap.com/generated/sparklines/1876.png"">"
92,REQ,Request Network,"$188,149,369",$0.293313,"$3,025,960","641,462,769",REQ,0.06%,"<img class = ""line"" src=""https://s2.coinmarketcap.com/generated/sparklines/2071.png"">"
93,EMC,Emercoin,"$184,209,682",$4.44,"$1,052,610","41,442,091",EMC,11.91%,"<img class = ""line"" src=""https://s2.coinmarketcap.com/generated/sparklines/558.png"">"
94,ICN,Iconomi,"$183,995,387",$1.84,"$3,880,580","99,735,687",ICN,-4.74%,"<img class = ""line"" src=""https://s2.coinmarketcap.com/generated/sparklines/1408.png"">"
95,MAID,MaidSafeCoin,"$182,067,266",$0.402312,"$2,852,970","452,552,412",MAID,1.61%,"<img class = ""line"" src=""https://s2.coinmarketcap.com/generated/sparklines/291.png"">"
96,SMART,SmartCash,"$178,888,814",$0.234158,"$163,067","763,966,270",SMART,-3.10%,"<img class = ""line"" src=""https://s2.coinmarketcap.com/generated/sparklines/1828.png"">"
97,NXS,Nexus,"$178,695,631",$3.19,"$26,834,000","55,971,820",NXS,7.22%,"<img class = ""line"" src=""https://s2.coinmarketcap.com/generated/sparklines/789.png"">"
98,PLR,Pillar,"$174,189,263",$0.766055,"$357,810","227,384,800",PLR,-4.48%,"<img class = ""line"" src=""https://s2.coinmarketcap.com/generated/sparklines/1834.png"">"
99,AGI,SingularityNET,"$168,935,294",$0.366073,"$576,149","461,479,799",AGI,1.79%,"<img class = ""line"" src=""https://s2.coinmarketcap.com/generated/sparklines/2424.png"">"
