#,Source,Pair,Volume (24h),Price,Volume (%),%,Updated
1,Bithumb,XRP/KRW,"$550,568,000",$1.04,29.71,%,Recently
2,Binance,XRP/BTC," $194,301,000",$1.02,10.49,%,Recently
3,Upbit,XRP/KRW,"$166,739,000",$1.05,9.00,%,Recently
4,Bitfinex,XRP/USD,"$142,479,000",$1.02,7.69,%,Recently
5,Huobi,XRP/USDT,"$84,667,700",$1.03,4.57,%,Recently
6,Bitbank,XRP/JPY,"$78,403,400",$1.03,4.23,%,Recently
7,Coinone,XRP/KRW,"$78,310,300",$1.05,4.23,%,Recently
8,Bitstamp,XRP/USD,"$46,766,800",$1.03,2.52,%,Recently
9,Poloniex,XRP/BTC,"$45,042,400",$1.02,2.43,%,Recently
10,OKEx,XRP/USDT,"$41,504,400",$1.03,2.24,%,Recently
11,Bittrex,XRP/BTC,"$38,968,800",$1.02,2.10,%,Recently
12,Korbit,XRP/KRW,"$36,851,600",$1.05,1.99,%,Recently
13,Binance,XRP/ETH,"$34,248,600",$1.03,1.85,%,Recently
14,Kraken,XRP/EUR,"$28,950,300",$1.02,1.56,%,Recently
15,Bitfinex,XRP/BTC,"$26,279,900",$1.02,1.42,%,Recently
16,Upbit,XRP/BTC," $24,687,800",$1.02,1.33,%,Recently
17,Kraken,XRP/USD,"$22,345,100",$1.02,1.21,%,Recently
18,OKEx,XRP/BTC,"$20,753,700",$1.03,1.12,%,Recently
19,Huobi,XRP/BTC,"$18,473,300",$1.03,1.00,%,Recently
20,Poloniex,XRP/USDT,"$15,359,900",$1.03,0.83,%,Recently
21,Bittrex,XRP/USDT,"$13,637,800",$1.03,0.74,%,Recently
22,Bitstamp,XRP/EUR,"$12,894,200",$1.03,0.70,%,Recently
23,Bitstamp,XRP/BTC,"$12,134,500",$1.02,0.65,%,Recently
24,Kraken,XRP/BTC,"$11,113,000",$1.02,0.60,%,Recently
25,HitBTC,XRP/BTC,"$10,458,600",$1.03,0.56,%,Recently
26,BTC Markets,XRP/AUD,"$8,623,190",$1.02,0.47,%,Recently
27,Vebitcoin,XRP/TRY,"$7,225,960",$1.02,0.39,%,Recently
28,Exmo,XRP/USD,"$5,433,160",$1.02,0.29,%,Recently
29,Koinex,XRP/INR,"$5,162,110",$0.999024,0.28,%,Recently
30,CoinEgg,XRP/BTC,"$4,984,660",$1.05,0.27,%,Recently
31,RippleFox,XRP/CNY,"$4,561,430",$1.12,0.25,%,Recently
32,CEX.IO,XRP/USD,"$4,397,530",$1.03,0.24,%,Recently
33,OKEx,XRP/ETH,"$4,216,730",$1.03,0.23,%,Recently
34,BTCTurk,XRP/TRY,"$4,155,280",$1.01,0.22,%,Recently
35,Coinbene,XRP/USDT,"$3,320,750",$1.02,0.18,%,Recently
36,BX Thailand,XRP/THB,"$3,288,250",$1.01,0.18,%,Recently
37,AEX,XRP/BITCNY,"$3,212,660",$0.958874,0.17,%,Recently
38,ZB.COM,XRP/USDT,"$3,083,100",$1.03,0.17,%,Recently
39,Bitcoin Indonesia,XRP/IDR,"$2,893,710",$1.02,0.16,%,Recently
40,Bittrex,XRP/ETH,"$2,758,590",$1.03,0.15,%,Recently
41,Gatehub,XRP/USD,"$2,491,530",$1.02 ,0.13,%,Recently
42,Bitso,XRP/MXN,"$2,469,150",$1.02,0.13,%,Recently
43,Gate.io,XRP/USDT,"$2,239,790",$1.03,0.12,%,Recently
44,Koineks,XRP/TRY,"$2,201,580",$1.01,0.12,%,Recently
45,Exmo,XRP/BTC,"$1,836,560",$1.02,0.10,%,Recently
46,Ripple China,XRP/CNY,"$1,397,890",$1.06,0.08,%,Recently
47,Gatehub,XRP/BTC,"$1,378,330",$1.01,0.07,%,Recently
48,Bitstamp (Ripple Gateway),XRP/USD,"$1,373,090",$1.03,0.07,%,Recently
49,Upbit,XRP/USDT,"$1,297,680",$1.03,0.07,%,Recently
50,Zebpay,XRP/INR,"$1,211,460",$0.983654,0.07,%,Recently
51,Upbit,XRP/ETH,"$1,008,180",$1.03,0.05,%,Recently
52,Exmo,XRP/RUB,"$895,869",$0.927256,0.05,%,Recently
53,Bitstamp (Ripple Gateway),XRP/BTC,"$866,863",$1.03,0.05,%,Recently
54,CEX.IO,XRP/BTC,"$852,216",$1.02,0.05,%,Recently
55,Quoine,XRP/JPY,"$727,193",$1.02,0.04,%,Recently
56,BTC Markets,XRP/BTC,"$699,517",$1.04,0.04,%,Recently
57,Bitcoin Indonesia,XRP/BTC,"$661,196",$1.02,0.04,%,Recently
58,RippleFox,XRP/XLM,"$620,547",$1.01,0.03,%,Recently
59,Coinrail,XRP/BTC,"$500,806",$1.02,0.03,%,Recently
60,ZB.COM,XRP/BTC,"$498,097",$1.03,0.03,%,Recently
61,Altcoin Trader,XRP/ZAR," $465,678",$1.07,0.03,%,Recently
62,Gatehub,XRP/EUR,"$452,053",$1.02,0.02,%,Recently
63,HitBTC,XRP/ETH,"$443,560",$1.03,0.02,%,Recently
64,Gatehub,XRP/ETH,"$354,259",$1.02,0.02,%,Recently
65,Mr. Exchange,XRP/JPY,"$292,672",$0.994859,0.02,%,Recently
66,Bitsane,XRP/BTC,"$235,280",$1.03,0.01,%,Recently
67,CEX.IO,XRP/EUR,"$222,790",$1.02,0.01,%,Recently
68,Gate.io,XRP/BTC,"$179,380",$1.03,0.01,%,Recently
69,Bitso,XRP/BTC,"$161,486",$1.02,0.01,% ,Recently
70,Fatbtc,XRP/CNY,"$151,075",$1.04,0.01,%,Recently
71,Exrates,XRP/BTC,"$148,011",$1.06,0.01,%,Recently
72,LiteBit.eu,XRP/EUR,"$138,577",$1.03,0.01,%,Recently
73,Exrates,XRP/USD,"$123,689",$1.02,0.01,%,Recently
74,AEX,XRP/BTC,"$107,450",$0.942305,0.01,%,Recently
75,Mr. Exchange,XRP/BTC,"$85,722",$1.02,0.00,%,Recently
76,Bits Blockchain,XRP/BTC,"$69,587",$1.01,0.00,%,Recently
77,Tripe Dice Exchange,XRP/BTC,"$68,351",$1.01,0.00,%,Recently
78,Abucoins,XRP/BTC,"$65,630",$1.03,0.00,%,Recently
79,Kuna,XRP/UAH,"$64,165",$0.995519,0.00,%,Recently
80,Bitsane,XRP/ETH,"$64,106",$1.04,0.00,%,Recently
81,Gatehub,XRP/ETC,"$58,209",$0.935409,0.00,%,Recently
82,Quoine,XRP/USD,"$57,471",$1.02,0.00,%,Recently
83,The Rock Trading,BTC/XRP,"$54,907",$1.03,0.00,%,Recently
84,Bitsane,XRP/LTC,"$53,915",$1.04,0.00,%,Recently
85,The Rock Trading,XRP/EUR,"$53,216",$1.04,0.00,%,Recently
86,Mr. Exchange,XRP/ETH,"$49,247",$1.03,0.00,%,Recently
87,Stellar Decentralized Exchange,XRP/XLM,"$29,400",$1.02,0.00,%,Recently
88,Bitsane,XRP/USD,"$27,985",$1.05,0.00,%,Recently
89,Mr. Exchange,XRP/USD,"$25,888",$1.01,0.00,%,Recently
90,Gatehub,XRP/REP,"$25,512",$1.01,0.00,%,Recently
91,Qryptos,XRP/BTC,"$22,674",$1.04,0.00,%,Recently
92,Coinrail,XRP/KRW,"$16,954 ",$1.04,0.00,%,Recently
93,BitFlip,XRP/USD,"$16,572",$1.03,0.00,%,Recently
94,Mr. Exchange,XRP/ETC,"$15,368",$0.943799,0.00,%,Recently
95,Mr. Exchange,XRP/ADA,"$14,000",$1.03,0.00,%,Recently
96,BitFlip,XRP/RUB,"$13,175",$1.00,0.00,%,Recently
97,Mr. Exchange,XRP/LTC,"$7,860",$1.04,0.00,%,Recently
98,Mr. Exchange,XRP/REP,"$7,518",$0.993936,0.00,%,Recently
99,Gatehub,XRP/QAU,"$6,962",$0.937917,0.00,%,Recently
100,Cryptomate,XRP/GBP,"$6,485",$1.09,0.00,%,Recently
101,Rippex,XRP/BRL,"$5,580",$0.952488,0.00,%,Recently
102,CoinFalcon,XRP/BTC,"$3,955",$1.04,0.00,%,Recently
103,BitFlip,XRP/BTC,"$3,633",$1.01,0.00,%,Recently
104,Bitsane,XRP/BCH,"$1,941",$1.05,0.00,%,Recently
105,CoinFalcon,XRP/ETH,"$1,382",$0.994209,0.00,%,Recently
106,BCEX,XRP/BTC,"$1,005",$1.05,0.00,%,Recently
107,Bitsane,XRP/EUR,$908,$1.01,0.00,%,Recently
108,Bitsane,ICN/XRP,$865,$1.05,0.00,%,Recently
109,Bitlish,XRP/EUR,$417,$1.18,0.00,%,Recently
110,Bitsane,XRP/DASH,$142,$1.02,0.00,%,Recently
111,Coinbe,XRP/BTC,$64,$0.512218,0.00,%,Recently
112,BitFlip,XRP/EUR,$0,$1.11,0.00,%,Recently
113,BitFlip,XRP/UAH,$0,$1.06,0.00,%,Recently
114,LakeBTC,XRP/BTC,$0,$8.61,0.00,%,Recently
115,Quoine,XRP/EUR,$0,$0.271247,0.00,%,Recently
116,Quoine,XRP/IDR,$0,$0.002112,0.00,%,Recently
117,Quoine,XRP/SGD,$0,$0.917556,0.00,%,Recently
118,OTCBTC,XRP/BTC,$0,$1.53,0.00,%,Recently
119,OTCBTC,XRP/ETH,$0,$0.861141,0.00,%,Recently
